<?xml version="1.0" encoding="Windows-1252"?>
<TransXChange CreationDateTime="2017-12-11T17:18:01.93768Z" ModificationDateTime="2017-12-11T17:18:01.93768Z" Modification="new" FileName="tfl_33-RB4-_-y05-13.xml" RevisionNumber="3" SchemaVersion="2.1" xml:lang="en" xsi:schemaLocation="http://www.transxchange.org.uk/ http://www.transxchange.org.uk/schema/2.1/TransXChange_general.xsd" xmlns:xsi="http://www.w3.org/2001/XMLSchema-instance" xmlns="http://www.transxchange.org.uk/">
	<NptgLocalities>
		<AnnotatedNptgLocalityRef>
			<NptgLocalityRef>N0077638</NptgLocalityRef>
			<LocalityName>Canary Wharf</LocalityName>
		</AnnotatedNptgLocalityRef>
		<AnnotatedNptgLocalityRef>
			<NptgLocalityRef>E0034802</NptgLocalityRef>
			<LocalityName>Rotherhithe</LocalityName>
		</AnnotatedNptgLocalityRef>
	</NptgLocalities>
	<StopPoints>
		<StopPoint CreationDateTime="2016-03-18T00:00:00">
			<AtcoCode>9300CAW3</AtcoCode>
			<Descriptor>
				<CommonName>Canary Wharf Pier</CommonName>
			</Descriptor>
			<Place>
				<NptgLocalityRef>N0077638</NptgLocalityRef>
				<Location Precision="1m">
					<Easting>536896</Easting>
					<Northing>180327</Northing>
				</Location>
			</Place>
			<StopClassification>
				<StopType>FBT</StopType>
				<OffStreet>
					<Ferry>
						<Berth />
					</Ferry>
				</OffStreet>
			</StopClassification>
			<AdministrativeAreaRef>000</AdministrativeAreaRef>
			<Notes>Canary Wharf Pier</Notes>
		</StopPoint>
		<StopPoint CreationDateTime="2016-01-25T00:00:00">
			<AtcoCode>9300NEL1</AtcoCode>
			<Descriptor>
				<CommonName>Doubletree Docklands Nelson Dock Pier</CommonName>
			</Descriptor>
			<Place>
				<NptgLocalityRef>E0034802</NptgLocalityRef>
				<Location Precision="1m">
					<Easting>536701</Easting>
					<Northing>180235</Northing>
				</Location>
			</Place>
			<StopClassification>
				<StopType>FBT</StopType>
				<OffStreet>
					<Ferry>
						<Berth />
					</Ferry>
				</OffStreet>
			</StopClassification>
			<AdministrativeAreaRef>000</AdministrativeAreaRef>
			<Notes>Doubletree Docklands Nelson Dock Pier</Notes>
		</StopPoint>
	</StopPoints>
	<RouteSections>
		<RouteSection id="RS_33-RB4-_-y05-13-I-1">
			<RouteLink id="RL_33-RB4-_-y05-13-I-1-1">
				<From>
					<StopPointRef>9300CAW3</StopPointRef>
				</From>
				<To>
					<StopPointRef>9300NEL1</StopPointRef>
				</To>
				<Direction>inbound</Direction>
			</RouteLink>
		</RouteSection>
		<RouteSection id="RS_33-RB4-_-y05-13-O-2">
			<RouteLink id="RL_33-RB4-_-y05-13-O-2-1">
				<From>
					<StopPointRef>9300NEL1</StopPointRef>
				</From>
				<To>
					<StopPointRef>9300CAW3</StopPointRef>
				</To>
				<Direction>outbound</Direction>
			</RouteLink>
		</RouteSection>
	</RouteSections>
	<Routes>
		<Route id="R_33-RB4-_-y05-13-I-1">
			<PrivateCode>R_33-RB4-_-y05-13-I-1</PrivateCode>
			<Description>Canary Wharf Pier - Doubletree Docklands Nelson Dock Pier</Description>
			<RouteSectionRef>RS_33-RB4-_-y05-13-I-1</RouteSectionRef>
		</Route>
		<Route id="R_33-RB4-_-y05-13-O-2">
			<PrivateCode>R_33-RB4-_-y05-13-O-2</PrivateCode>
			<Description>Doubletree Docklands Nelson Dock Pier - Canary Wharf Pier</Description>
			<RouteSectionRef>RS_33-RB4-_-y05-13-O-2</RouteSectionRef>
		</Route>
	</Routes>
	<JourneyPatternSections>
		<JourneyPatternSection id="JPS_33-RB4-_-y05-13-3-2-O">
			<JourneyPatternTimingLink id="JPL_33-RB4-_-y05-13-3-O-2-2">
				<From SequenceNumber="1">
					<Activity>pickUp</Activity>
					<StopPointRef>9300NEL1</StopPointRef>
					<TimingStatus>PTP</TimingStatus>
				</From>
				<To SequenceNumber="2">
					<Activity>setDown</Activity>
					<StopPointRef>9300CAW3</StopPointRef>
					<TimingStatus>PTP</TimingStatus>
				</To>
				<RouteLinkRef>RL_33-RB4-_-y05-13-O-2-1</RouteLinkRef>
				<RunTime>PT3M</RunTime>
			</JourneyPatternTimingLink>
		</JourneyPatternSection>
		<JourneyPatternSection id="JPS_33-RB4-_-y05-13-2-1-I">
			<JourneyPatternTimingLink id="JPL_33-RB4-_-y05-13-2-I-1-2">
				<From SequenceNumber="1">
					<Activity>pickUp</Activity>
					<StopPointRef>9300CAW3</StopPointRef>
					<TimingStatus>PTP</TimingStatus>
				</From>
				<To SequenceNumber="2">
					<Activity>setDown</Activity>
					<StopPointRef>9300NEL1</StopPointRef>
					<TimingStatus>PTP</TimingStatus>
				</To>
				<RouteLinkRef>RL_33-RB4-_-y05-13-I-1-1</RouteLinkRef>
				<RunTime>PT5M</RunTime>
			</JourneyPatternTimingLink>
		</JourneyPatternSection>
		<JourneyPatternSection id="JPS_33-RB4-_-y05-13-1-1-I">
			<JourneyPatternTimingLink id="JPL_33-RB4-_-y05-13-1-I-1-2">
				<From SequenceNumber="1">
					<Activity>pickUp</Activity>
					<StopPointRef>9300CAW3</StopPointRef>
					<TimingStatus>PTP</TimingStatus>
				</From>
				<To SequenceNumber="2">
					<Activity>setDown</Activity>
					<StopPointRef>9300NEL1</StopPointRef>
					<TimingStatus>PTP</TimingStatus>
				</To>
				<RouteLinkRef>RL_33-RB4-_-y05-13-I-1-1</RouteLinkRef>
				<RunTime>PT3M</RunTime>
			</JourneyPatternTimingLink>
		</JourneyPatternSection>
	</JourneyPatternSections>
	<Operators>
		<Operator id="OId_CV">
			<OperatorCode>CV</OperatorCode>
			<OperatorShortName>MBNA THAMES CLIPPERS</OperatorShortName>
			<OperatorNameOnLicence>MBNA THAMES CLIPPERS</OperatorNameOnLicence>
			<TradingName>MBNA THAMES CLIPPERS</TradingName>
		</Operator>
	</Operators>
	<Services>
		<Service>
			<ServiceCode>33-RB4-_-y05-13</ServiceCode>
			<PrivateCode>33-RB4-_-y05-13</PrivateCode>
			<Lines>
				<Line id="33-RB4-_-y05-13">
					<LineName>RB4</LineName>
				</Line>
			</Lines>
			<OperatingPeriod>
				<StartDate>2017-12-24</StartDate>
				<EndDate>2017-12-24</EndDate>
			</OperatingPeriod>
			<OperatingProfile>
				<RegularDayType>
					<DaysOfWeek>
						<Weekend />
					</DaysOfWeek>
				</RegularDayType>
				<BankHolidayOperation>
					<DaysOfOperation>
						<AllBankHolidays />
					</DaysOfOperation>
					<DaysOfNonOperation />
				</BankHolidayOperation>
			</OperatingProfile>
			<RegisteredOperatorRef>OId_CV</RegisteredOperatorRef>
			<StopRequirements>
				<NoNewStopsRequired />
			</StopRequirements>
			<Mode>ferry</Mode>
			<Description>Hilton Docklands Pier - Canary Wharf Pier</Description>
			<StandardService>
				<Origin>Doubletree Docklands Nelson Dock Pier</Origin>
				<Destination>Canary Wharf Pier</Destination>
				<JourneyPattern id="JP_33-RB4-_-y05-13-3-O-2">
					<Direction>outbound</Direction>
					<Operational>
						<VehicleType>
							<VehicleTypeCode>FW</VehicleTypeCode>
							<Description>Ferry (Wheelchair accessible)</Description>
						</VehicleType>
					</Operational>
					<RouteRef>R_33-RB4-_-y05-13-O-2</RouteRef>
					<JourneyPatternSectionRefs>JPS_33-RB4-_-y05-13-3-2-O</JourneyPatternSectionRefs>
				</JourneyPattern>
				<JourneyPattern id="JP_33-RB4-_-y05-13-2-I-1">
					<Direction>inbound</Direction>
					<Operational>
						<VehicleType>
							<VehicleTypeCode>FW</VehicleTypeCode>
							<Description>Ferry (Wheelchair accessible)</Description>
						</VehicleType>
					</Operational>
					<RouteRef>R_33-RB4-_-y05-13-I-1</RouteRef>
					<JourneyPatternSectionRefs>JPS_33-RB4-_-y05-13-2-1-I</JourneyPatternSectionRefs>
				</JourneyPattern>
				<JourneyPattern id="JP_33-RB4-_-y05-13-1-I-1">
					<Direction>inbound</Direction>
					<Operational>
						<VehicleType>
							<VehicleTypeCode>FW</VehicleTypeCode>
							<Description>Ferry (Wheelchair accessible)</Description>
						</VehicleType>
					</Operational>
					<RouteRef>R_33-RB4-_-y05-13-I-1</RouteRef>
					<JourneyPatternSectionRefs>JPS_33-RB4-_-y05-13-1-1-I</JourneyPatternSectionRefs>
				</JourneyPattern>
			</StandardService>
		</Service>
	</Services>
	<VehicleJourneys>
		<VehicleJourney>
			<PrivateCode>tfl-33-RB4-_-y05-13-1-T4</PrivateCode>
			<Operational>
				<VehicleType>
					<VehicleTypeCode>FW</VehicleTypeCode>
					<Description>Ferry (Wheelchair accessible)</Description>
				</VehicleType>
			</Operational>
			<VehicleJourneyCode>VJ_33-RB4-_-y05-13-1-T4</VehicleJourneyCode>
			<ServiceRef>33-RB4-_-y05-13</ServiceRef>
			<LineRef>33-RB4-_-y05-13</LineRef>
			<JourneyPatternRef>JP_33-RB4-_-y05-13-3-O-2</JourneyPatternRef>
			<DepartureTime>09:00:00</DepartureTime>
		</VehicleJourney>
		<VehicleJourney>
			<PrivateCode>tfl-33-RB4-_-y05-13-2-T4</PrivateCode>
			<Operational>
				<VehicleType>
					<VehicleTypeCode>FW</VehicleTypeCode>
					<Description>Ferry (Wheelchair accessible)</Description>
				</VehicleType>
			</Operational>
			<VehicleJourneyCode>VJ_33-RB4-_-y05-13-2-T4</VehicleJourneyCode>
			<ServiceRef>33-RB4-_-y05-13</ServiceRef>
			<LineRef>33-RB4-_-y05-13</LineRef>
			<JourneyPatternRef>JP_33-RB4-_-y05-13-3-O-2</JourneyPatternRef>
			<DepartureTime>09:17:00</DepartureTime>
		</VehicleJourney>
		<VehicleJourney>
			<PrivateCode>tfl-33-RB4-_-y05-13-3-T4</PrivateCode>
			<Operational>
				<VehicleType>
					<VehicleTypeCode>FW</VehicleTypeCode>
					<Description>Ferry (Wheelchair accessible)</Description>
				</VehicleType>
			</Operational>
			<VehicleJourneyCode>VJ_33-RB4-_-y05-13-3-T4</VehicleJourneyCode>
			<ServiceRef>33-RB4-_-y05-13</ServiceRef>
			<LineRef>33-RB4-_-y05-13</LineRef>
			<JourneyPatternRef>JP_33-RB4-_-y05-13-3-O-2</JourneyPatternRef>
			<DepartureTime>09:27:00</DepartureTime>
		</VehicleJourney>
		<VehicleJourney>
			<PrivateCode>tfl-33-RB4-_-y05-13-4-T4</PrivateCode>
			<Operational>
				<VehicleType>
					<VehicleTypeCode>FW</VehicleTypeCode>
					<Description>Ferry (Wheelchair accessible)</Description>
				</VehicleType>
			</Operational>
			<VehicleJourneyCode>VJ_33-RB4-_-y05-13-4-T4</VehicleJourneyCode>
			<ServiceRef>33-RB4-_-y05-13</ServiceRef>
			<LineRef>33-RB4-_-y05-13</LineRef>
			<JourneyPatternRef>JP_33-RB4-_-y05-13-3-O-2</JourneyPatternRef>
			<DepartureTime>09:42:00</DepartureTime>
		</VehicleJourney>
		<VehicleJourney>
			<PrivateCode>tfl-33-RB4-_-y05-13-5-T4</PrivateCode>
			<Operational>
				<VehicleType>
					<VehicleTypeCode>FW</VehicleTypeCode>
					<Description>Ferry (Wheelchair accessible)</Description>
				</VehicleType>
			</Operational>
			<VehicleJourneyCode>VJ_33-RB4-_-y05-13-5-T4</VehicleJourneyCode>
			<ServiceRef>33-RB4-_-y05-13</ServiceRef>
			<LineRef>33-RB4-_-y05-13</LineRef>
			<JourneyPatternRef>JP_33-RB4-_-y05-13-3-O-2</JourneyPatternRef>
			<DepartureTime>09:57:00</DepartureTime>
		</VehicleJourney>
		<VehicleJourney>
			<PrivateCode>tfl-33-RB4-_-y05-13-6-T4</PrivateCode>
			<Operational>
				<VehicleType>
					<VehicleTypeCode>FW</VehicleTypeCode>
					<Description>Ferry (Wheelchair accessible)</Description>
				</VehicleType>
			</Operational>
			<VehicleJourneyCode>VJ_33-RB4-_-y05-13-6-T4</VehicleJourneyCode>
			<ServiceRef>33-RB4-_-y05-13</ServiceRef>
			<LineRef>33-RB4-_-y05-13</LineRef>
			<JourneyPatternRef>JP_33-RB4-_-y05-13-3-O-2</JourneyPatternRef>
			<DepartureTime>10:12:00</DepartureTime>
		</VehicleJourney>
		<VehicleJourney>
			<PrivateCode>tfl-33-RB4-_-y05-13-7-T4</PrivateCode>
			<Operational>
				<VehicleType>
					<VehicleTypeCode>FW</VehicleTypeCode>
					<Description>Ferry (Wheelchair accessible)</Description>
				</VehicleType>
			</Operational>
			<VehicleJourneyCode>VJ_33-RB4-_-y05-13-7-T4</VehicleJourneyCode>
			<ServiceRef>33-RB4-_-y05-13</ServiceRef>
			<LineRef>33-RB4-_-y05-13</LineRef>
			<JourneyPatternRef>JP_33-RB4-_-y05-13-3-O-2</JourneyPatternRef>
			<DepartureTime>10:27:00</DepartureTime>
		</VehicleJourney>
		<VehicleJourney>
			<PrivateCode>tfl-33-RB4-_-y05-13-8-T4</PrivateCode>
			<Operational>
				<VehicleType>
					<VehicleTypeCode>FW</VehicleTypeCode>
					<Description>Ferry (Wheelchair accessible)</Description>
				</VehicleType>
			</Operational>
			<VehicleJourneyCode>VJ_33-RB4-_-y05-13-8-T4</VehicleJourneyCode>
			<ServiceRef>33-RB4-_-y05-13</ServiceRef>
			<LineRef>33-RB4-_-y05-13</LineRef>
			<JourneyPatternRef>JP_33-RB4-_-y05-13-3-O-2</JourneyPatternRef>
			<DepartureTime>10:42:00</DepartureTime>
		</VehicleJourney>
		<VehicleJourney>
			<PrivateCode>tfl-33-RB4-_-y05-13-9-T4</PrivateCode>
			<Operational>
				<VehicleType>
					<VehicleTypeCode>FW</VehicleTypeCode>
					<Description>Ferry (Wheelchair accessible)</Description>
				</VehicleType>
			</Operational>
			<VehicleJourneyCode>VJ_33-RB4-_-y05-13-9-T4</VehicleJourneyCode>
			<ServiceRef>33-RB4-_-y05-13</ServiceRef>
			<LineRef>33-RB4-_-y05-13</LineRef>
			<JourneyPatternRef>JP_33-RB4-_-y05-13-3-O-2</JourneyPatternRef>
			<DepartureTime>10:57:00</DepartureTime>
		</VehicleJourney>
		<VehicleJourney>
			<PrivateCode>tfl-33-RB4-_-y05-13-10-T4</PrivateCode>
			<Operational>
				<VehicleType>
					<VehicleTypeCode>FW</VehicleTypeCode>
					<Description>Ferry (Wheelchair accessible)</Description>
				</VehicleType>
			</Operational>
			<VehicleJourneyCode>VJ_33-RB4-_-y05-13-10-T4</VehicleJourneyCode>
			<ServiceRef>33-RB4-_-y05-13</ServiceRef>
			<LineRef>33-RB4-_-y05-13</LineRef>
			<JourneyPatternRef>JP_33-RB4-_-y05-13-3-O-2</JourneyPatternRef>
			<DepartureTime>11:12:00</DepartureTime>
		</VehicleJourney>
		<VehicleJourney>
			<PrivateCode>tfl-33-RB4-_-y05-13-11-T4</PrivateCode>
			<Operational>
				<VehicleType>
					<VehicleTypeCode>FW</VehicleTypeCode>
					<Description>Ferry (Wheelchair accessible)</Description>
				</VehicleType>
			</Operational>
			<VehicleJourneyCode>VJ_33-RB4-_-y05-13-11-T4</VehicleJourneyCode>
			<ServiceRef>33-RB4-_-y05-13</ServiceRef>
			<LineRef>33-RB4-_-y05-13</LineRef>
			<JourneyPatternRef>JP_33-RB4-_-y05-13-3-O-2</JourneyPatternRef>
			<DepartureTime>11:27:00</DepartureTime>
		</VehicleJourney>
		<VehicleJourney>
			<PrivateCode>tfl-33-RB4-_-y05-13-12-T4</PrivateCode>
			<Operational>
				<VehicleType>
					<VehicleTypeCode>FW</VehicleTypeCode>
					<Description>Ferry (Wheelchair accessible)</Description>
				</VehicleType>
			</Operational>
			<VehicleJourneyCode>VJ_33-RB4-_-y05-13-12-T4</VehicleJourneyCode>
			<ServiceRef>33-RB4-_-y05-13</ServiceRef>
			<LineRef>33-RB4-_-y05-13</LineRef>
			<JourneyPatternRef>JP_33-RB4-_-y05-13-3-O-2</JourneyPatternRef>
			<DepartureTime>11:42:00</DepartureTime>
		</VehicleJourney>
		<VehicleJourney>
			<PrivateCode>tfl-33-RB4-_-y05-13-13-T4</PrivateCode>
			<Operational>
				<VehicleType>
					<VehicleTypeCode>FW</VehicleTypeCode>
					<Description>Ferry (Wheelchair accessible)</Description>
				</VehicleType>
			</Operational>
			<VehicleJourneyCode>VJ_33-RB4-_-y05-13-13-T4</VehicleJourneyCode>
			<ServiceRef>33-RB4-_-y05-13</ServiceRef>
			<LineRef>33-RB4-_-y05-13</LineRef>
			<JourneyPatternRef>JP_33-RB4-_-y05-13-3-O-2</JourneyPatternRef>
			<DepartureTime>11:57:00</DepartureTime>
		</VehicleJourney>
		<VehicleJourney>
			<PrivateCode>tfl-33-RB4-_-y05-13-14-T4</PrivateCode>
			<Operational>
				<VehicleType>
					<VehicleTypeCode>FW</VehicleTypeCode>
					<Description>Ferry (Wheelchair accessible)</Description>
				</VehicleType>
			</Operational>
			<VehicleJourneyCode>VJ_33-RB4-_-y05-13-14-T4</VehicleJourneyCode>
			<ServiceRef>33-RB4-_-y05-13</ServiceRef>
			<LineRef>33-RB4-_-y05-13</LineRef>
			<JourneyPatternRef>JP_33-RB4-_-y05-13-3-O-2</JourneyPatternRef>
			<DepartureTime>12:12:00</DepartureTime>
		</VehicleJourney>
		<VehicleJourney>
			<PrivateCode>tfl-33-RB4-_-y05-13-15-T4</PrivateCode>
			<Operational>
				<VehicleType>
					<VehicleTypeCode>FW</VehicleTypeCode>
					<Description>Ferry (Wheelchair accessible)</Description>
				</VehicleType>
			</Operational>
			<VehicleJourneyCode>VJ_33-RB4-_-y05-13-15-T4</VehicleJourneyCode>
			<ServiceRef>33-RB4-_-y05-13</ServiceRef>
			<LineRef>33-RB4-_-y05-13</LineRef>
			<JourneyPatternRef>JP_33-RB4-_-y05-13-3-O-2</JourneyPatternRef>
			<DepartureTime>12:27:00</DepartureTime>
		</VehicleJourney>
		<VehicleJourney>
			<PrivateCode>tfl-33-RB4-_-y05-13-16-T4</PrivateCode>
			<Operational>
				<VehicleType>
					<VehicleTypeCode>FW</VehicleTypeCode>
					<Description>Ferry (Wheelchair accessible)</Description>
				</VehicleType>
			</Operational>
			<VehicleJourneyCode>VJ_33-RB4-_-y05-13-16-T4</VehicleJourneyCode>
			<ServiceRef>33-RB4-_-y05-13</ServiceRef>
			<LineRef>33-RB4-_-y05-13</LineRef>
			<JourneyPatternRef>JP_33-RB4-_-y05-13-3-O-2</JourneyPatternRef>
			<DepartureTime>12:42:00</DepartureTime>
		</VehicleJourney>
		<VehicleJourney>
			<PrivateCode>tfl-33-RB4-_-y05-13-17-T4</PrivateCode>
			<Operational>
				<VehicleType>
					<VehicleTypeCode>FW</VehicleTypeCode>
					<Description>Ferry (Wheelchair accessible)</Description>
				</VehicleType>
			</Operational>
			<VehicleJourneyCode>VJ_33-RB4-_-y05-13-17-T4</VehicleJourneyCode>
			<ServiceRef>33-RB4-_-y05-13</ServiceRef>
			<LineRef>33-RB4-_-y05-13</LineRef>
			<JourneyPatternRef>JP_33-RB4-_-y05-13-3-O-2</JourneyPatternRef>
			<DepartureTime>12:57:00</DepartureTime>
		</VehicleJourney>
		<VehicleJourney>
			<PrivateCode>tfl-33-RB4-_-y05-13-18-T4</PrivateCode>
			<Operational>
				<VehicleType>
					<VehicleTypeCode>FW</VehicleTypeCode>
					<Description>Ferry (Wheelchair accessible)</Description>
				</VehicleType>
			</Operational>
			<VehicleJourneyCode>VJ_33-RB4-_-y05-13-18-T4</VehicleJourneyCode>
			<ServiceRef>33-RB4-_-y05-13</ServiceRef>
			<LineRef>33-RB4-_-y05-13</LineRef>
			<JourneyPatternRef>JP_33-RB4-_-y05-13-3-O-2</JourneyPatternRef>
			<DepartureTime>13:12:00</DepartureTime>
		</VehicleJourney>
		<VehicleJourney>
			<PrivateCode>tfl-33-RB4-_-y05-13-19-T4</PrivateCode>
			<Operational>
				<VehicleType>
					<VehicleTypeCode>FW</VehicleTypeCode>
					<Description>Ferry (Wheelchair accessible)</Description>
				</VehicleType>
			</Operational>
			<VehicleJourneyCode>VJ_33-RB4-_-y05-13-19-T4</VehicleJourneyCode>
			<ServiceRef>33-RB4-_-y05-13</ServiceRef>
			<LineRef>33-RB4-_-y05-13</LineRef>
			<JourneyPatternRef>JP_33-RB4-_-y05-13-3-O-2</JourneyPatternRef>
			<DepartureTime>13:27:00</DepartureTime>
		</VehicleJourney>
		<VehicleJourney>
			<PrivateCode>tfl-33-RB4-_-y05-13-20-T4</PrivateCode>
			<Operational>
				<VehicleType>
					<VehicleTypeCode>FW</VehicleTypeCode>
					<Description>Ferry (Wheelchair accessible)</Description>
				</VehicleType>
			</Operational>
			<VehicleJourneyCode>VJ_33-RB4-_-y05-13-20-T4</VehicleJourneyCode>
			<ServiceRef>33-RB4-_-y05-13</ServiceRef>
			<LineRef>33-RB4-_-y05-13</LineRef>
			<JourneyPatternRef>JP_33-RB4-_-y05-13-3-O-2</JourneyPatternRef>
			<DepartureTime>13:42:00</DepartureTime>
		</VehicleJourney>
		<VehicleJourney>
			<PrivateCode>tfl-33-RB4-_-y05-13-21-T4</PrivateCode>
			<Operational>
				<VehicleType>
					<VehicleTypeCode>FW</VehicleTypeCode>
					<Description>Ferry (Wheelchair accessible)</Description>
				</VehicleType>
			</Operational>
			<VehicleJourneyCode>VJ_33-RB4-_-y05-13-21-T4</VehicleJourneyCode>
			<ServiceRef>33-RB4-_-y05-13</ServiceRef>
			<LineRef>33-RB4-_-y05-13</LineRef>
			<JourneyPatternRef>JP_33-RB4-_-y05-13-3-O-2</JourneyPatternRef>
			<DepartureTime>13:57:00</DepartureTime>
		</VehicleJourney>
		<VehicleJourney>
			<PrivateCode>tfl-33-RB4-_-y05-13-22-T4</PrivateCode>
			<Operational>
				<VehicleType>
					<VehicleTypeCode>FW</VehicleTypeCode>
					<Description>Ferry (Wheelchair accessible)</Description>
				</VehicleType>
			</Operational>
			<VehicleJourneyCode>VJ_33-RB4-_-y05-13-22-T4</VehicleJourneyCode>
			<ServiceRef>33-RB4-_-y05-13</ServiceRef>
			<LineRef>33-RB4-_-y05-13</LineRef>
			<JourneyPatternRef>JP_33-RB4-_-y05-13-3-O-2</JourneyPatternRef>
			<DepartureTime>14:12:00</DepartureTime>
		</VehicleJourney>
		<VehicleJourney>
			<PrivateCode>tfl-33-RB4-_-y05-13-23-T4</PrivateCode>
			<Operational>
				<VehicleType>
					<VehicleTypeCode>FW</VehicleTypeCode>
					<Description>Ferry (Wheelchair accessible)</Description>
				</VehicleType>
			</Operational>
			<VehicleJourneyCode>VJ_33-RB4-_-y05-13-23-T4</VehicleJourneyCode>
			<ServiceRef>33-RB4-_-y05-13</ServiceRef>
			<LineRef>33-RB4-_-y05-13</LineRef>
			<JourneyPatternRef>JP_33-RB4-_-y05-13-3-O-2</JourneyPatternRef>
			<DepartureTime>14:27:00</DepartureTime>
		</VehicleJourney>
		<VehicleJourney>
			<PrivateCode>tfl-33-RB4-_-y05-13-24-T4</PrivateCode>
			<Operational>
				<VehicleType>
					<VehicleTypeCode>FW</VehicleTypeCode>
					<Description>Ferry (Wheelchair accessible)</Description>
				</VehicleType>
			</Operational>
			<VehicleJourneyCode>VJ_33-RB4-_-y05-13-24-T4</VehicleJourneyCode>
			<ServiceRef>33-RB4-_-y05-13</ServiceRef>
			<LineRef>33-RB4-_-y05-13</LineRef>
			<JourneyPatternRef>JP_33-RB4-_-y05-13-3-O-2</JourneyPatternRef>
			<DepartureTime>14:42:00</DepartureTime>
		</VehicleJourney>
		<VehicleJourney>
			<PrivateCode>tfl-33-RB4-_-y05-13-25-T4</PrivateCode>
			<Operational>
				<VehicleType>
					<VehicleTypeCode>FW</VehicleTypeCode>
					<Description>Ferry (Wheelchair accessible)</Description>
				</VehicleType>
			</Operational>
			<VehicleJourneyCode>VJ_33-RB4-_-y05-13-25-T4</VehicleJourneyCode>
			<ServiceRef>33-RB4-_-y05-13</ServiceRef>
			<LineRef>33-RB4-_-y05-13</LineRef>
			<JourneyPatternRef>JP_33-RB4-_-y05-13-3-O-2</JourneyPatternRef>
			<DepartureTime>14:57:00</DepartureTime>
		</VehicleJourney>
		<VehicleJourney>
			<PrivateCode>tfl-33-RB4-_-y05-13-26-T4</PrivateCode>
			<Operational>
				<VehicleType>
					<VehicleTypeCode>FW</VehicleTypeCode>
					<Description>Ferry (Wheelchair accessible)</Description>
				</VehicleType>
			</Operational>
			<VehicleJourneyCode>VJ_33-RB4-_-y05-13-26-T4</VehicleJourneyCode>
			<ServiceRef>33-RB4-_-y05-13</ServiceRef>
			<LineRef>33-RB4-_-y05-13</LineRef>
			<JourneyPatternRef>JP_33-RB4-_-y05-13-3-O-2</JourneyPatternRef>
			<DepartureTime>15:12:00</DepartureTime>
		</VehicleJourney>
		<VehicleJourney>
			<PrivateCode>tfl-33-RB4-_-y05-13-27-T4</PrivateCode>
			<Operational>
				<VehicleType>
					<VehicleTypeCode>FW</VehicleTypeCode>
					<Description>Ferry (Wheelchair accessible)</Description>
				</VehicleType>
			</Operational>
			<VehicleJourneyCode>VJ_33-RB4-_-y05-13-27-T4</VehicleJourneyCode>
			<ServiceRef>33-RB4-_-y05-13</ServiceRef>
			<LineRef>33-RB4-_-y05-13</LineRef>
			<JourneyPatternRef>JP_33-RB4-_-y05-13-3-O-2</JourneyPatternRef>
			<DepartureTime>15:27:00</DepartureTime>
		</VehicleJourney>
		<VehicleJourney>
			<PrivateCode>tfl-33-RB4-_-y05-13-28-T4</PrivateCode>
			<Operational>
				<VehicleType>
					<VehicleTypeCode>FW</VehicleTypeCode>
					<Description>Ferry (Wheelchair accessible)</Description>
				</VehicleType>
			</Operational>
			<VehicleJourneyCode>VJ_33-RB4-_-y05-13-28-T4</VehicleJourneyCode>
			<ServiceRef>33-RB4-_-y05-13</ServiceRef>
			<LineRef>33-RB4-_-y05-13</LineRef>
			<JourneyPatternRef>JP_33-RB4-_-y05-13-3-O-2</JourneyPatternRef>
			<DepartureTime>15:39:00</DepartureTime>
		</VehicleJourney>
		<VehicleJourney>
			<PrivateCode>tfl-33-RB4-_-y05-13-29-T4</PrivateCode>
			<Operational>
				<VehicleType>
					<VehicleTypeCode>FW</VehicleTypeCode>
					<Description>Ferry (Wheelchair accessible)</Description>
				</VehicleType>
			</Operational>
			<VehicleJourneyCode>VJ_33-RB4-_-y05-13-29-T4</VehicleJourneyCode>
			<ServiceRef>33-RB4-_-y05-13</ServiceRef>
			<LineRef>33-RB4-_-y05-13</LineRef>
			<JourneyPatternRef>JP_33-RB4-_-y05-13-3-O-2</JourneyPatternRef>
			<DepartureTime>15:51:00</DepartureTime>
		</VehicleJourney>
		<VehicleJourney>
			<PrivateCode>tfl-33-RB4-_-y05-13-30-T4</PrivateCode>
			<Operational>
				<VehicleType>
					<VehicleTypeCode>FW</VehicleTypeCode>
					<Description>Ferry (Wheelchair accessible)</Description>
				</VehicleType>
			</Operational>
			<VehicleJourneyCode>VJ_33-RB4-_-y05-13-30-T4</VehicleJourneyCode>
			<ServiceRef>33-RB4-_-y05-13</ServiceRef>
			<LineRef>33-RB4-_-y05-13</LineRef>
			<JourneyPatternRef>JP_33-RB4-_-y05-13-3-O-2</JourneyPatternRef>
			<DepartureTime>16:06:00</DepartureTime>
		</VehicleJourney>
		<VehicleJourney>
			<PrivateCode>tfl-33-RB4-_-y05-13-31-T4</PrivateCode>
			<Operational>
				<VehicleType>
					<VehicleTypeCode>FW</VehicleTypeCode>
					<Description>Ferry (Wheelchair accessible)</Description>
				</VehicleType>
			</Operational>
			<VehicleJourneyCode>VJ_33-RB4-_-y05-13-31-T4</VehicleJourneyCode>
			<ServiceRef>33-RB4-_-y05-13</ServiceRef>
			<LineRef>33-RB4-_-y05-13</LineRef>
			<JourneyPatternRef>JP_33-RB4-_-y05-13-3-O-2</JourneyPatternRef>
			<DepartureTime>16:21:00</DepartureTime>
		</VehicleJourney>
		<VehicleJourney>
			<PrivateCode>tfl-33-RB4-_-y05-13-32-T4</PrivateCode>
			<Operational>
				<VehicleType>
					<VehicleTypeCode>FW</VehicleTypeCode>
					<Description>Ferry (Wheelchair accessible)</Description>
				</VehicleType>
			</Operational>
			<VehicleJourneyCode>VJ_33-RB4-_-y05-13-32-T4</VehicleJourneyCode>
			<ServiceRef>33-RB4-_-y05-13</ServiceRef>
			<LineRef>33-RB4-_-y05-13</LineRef>
			<JourneyPatternRef>JP_33-RB4-_-y05-13-3-O-2</JourneyPatternRef>
			<DepartureTime>16:36:00</DepartureTime>
		</VehicleJourney>
		<VehicleJourney>
			<PrivateCode>tfl-33-RB4-_-y05-13-33-T4</PrivateCode>
			<Operational>
				<VehicleType>
					<VehicleTypeCode>FW</VehicleTypeCode>
					<Description>Ferry (Wheelchair accessible)</Description>
				</VehicleType>
			</Operational>
			<VehicleJourneyCode>VJ_33-RB4-_-y05-13-33-T4</VehicleJourneyCode>
			<ServiceRef>33-RB4-_-y05-13</ServiceRef>
			<LineRef>33-RB4-_-y05-13</LineRef>
			<JourneyPatternRef>JP_33-RB4-_-y05-13-3-O-2</JourneyPatternRef>
			<DepartureTime>16:51:00</DepartureTime>
		</VehicleJourney>
		<VehicleJourney>
			<PrivateCode>tfl-33-RB4-_-y05-13-34-T4</PrivateCode>
			<Operational>
				<VehicleType>
					<VehicleTypeCode>FW</VehicleTypeCode>
					<Description>Ferry (Wheelchair accessible)</Description>
				</VehicleType>
			</Operational>
			<VehicleJourneyCode>VJ_33-RB4-_-y05-13-34-T4</VehicleJourneyCode>
			<ServiceRef>33-RB4-_-y05-13</ServiceRef>
			<LineRef>33-RB4-_-y05-13</LineRef>
			<JourneyPatternRef>JP_33-RB4-_-y05-13-3-O-2</JourneyPatternRef>
			<DepartureTime>17:06:00</DepartureTime>
		</VehicleJourney>
		<VehicleJourney>
			<PrivateCode>tfl-33-RB4-_-y05-13-35-T4</PrivateCode>
			<Operational>
				<VehicleType>
					<VehicleTypeCode>FW</VehicleTypeCode>
					<Description>Ferry (Wheelchair accessible)</Description>
				</VehicleType>
			</Operational>
			<VehicleJourneyCode>VJ_33-RB4-_-y05-13-35-T4</VehicleJourneyCode>
			<ServiceRef>33-RB4-_-y05-13</ServiceRef>
			<LineRef>33-RB4-_-y05-13</LineRef>
			<JourneyPatternRef>JP_33-RB4-_-y05-13-3-O-2</JourneyPatternRef>
			<DepartureTime>17:21:00</DepartureTime>
		</VehicleJourney>
		<VehicleJourney>
			<PrivateCode>tfl-33-RB4-_-y05-13-36-T4</PrivateCode>
			<Operational>
				<VehicleType>
					<VehicleTypeCode>FW</VehicleTypeCode>
					<Description>Ferry (Wheelchair accessible)</Description>
				</VehicleType>
			</Operational>
			<VehicleJourneyCode>VJ_33-RB4-_-y05-13-36-T4</VehicleJourneyCode>
			<ServiceRef>33-RB4-_-y05-13</ServiceRef>
			<LineRef>33-RB4-_-y05-13</LineRef>
			<JourneyPatternRef>JP_33-RB4-_-y05-13-3-O-2</JourneyPatternRef>
			<DepartureTime>17:36:00</DepartureTime>
		</VehicleJourney>
		<VehicleJourney>
			<PrivateCode>tfl-33-RB4-_-y05-13-37-T4</PrivateCode>
			<Operational>
				<VehicleType>
					<VehicleTypeCode>FW</VehicleTypeCode>
					<Description>Ferry (Wheelchair accessible)</Description>
				</VehicleType>
			</Operational>
			<VehicleJourneyCode>VJ_33-RB4-_-y05-13-37-T4</VehicleJourneyCode>
			<ServiceRef>33-RB4-_-y05-13</ServiceRef>
			<LineRef>33-RB4-_-y05-13</LineRef>
			<JourneyPatternRef>JP_33-RB4-_-y05-13-3-O-2</JourneyPatternRef>
			<DepartureTime>17:51:00</DepartureTime>
		</VehicleJourney>
		<VehicleJourney>
			<PrivateCode>tfl-33-RB4-_-y05-13-38-T4</PrivateCode>
			<Operational>
				<VehicleType>
					<VehicleTypeCode>FW</VehicleTypeCode>
					<Description>Ferry (Wheelchair accessible)</Description>
				</VehicleType>
			</Operational>
			<VehicleJourneyCode>VJ_33-RB4-_-y05-13-38-T4</VehicleJourneyCode>
			<ServiceRef>33-RB4-_-y05-13</ServiceRef>
			<LineRef>33-RB4-_-y05-13</LineRef>
			<JourneyPatternRef>JP_33-RB4-_-y05-13-3-O-2</JourneyPatternRef>
			<DepartureTime>18:06:00</DepartureTime>
		</VehicleJourney>
		<VehicleJourney>
			<PrivateCode>tfl-33-RB4-_-y05-13-39-T4</PrivateCode>
			<Operational>
				<VehicleType>
					<VehicleTypeCode>FW</VehicleTypeCode>
					<Description>Ferry (Wheelchair accessible)</Description>
				</VehicleType>
			</Operational>
			<VehicleJourneyCode>VJ_33-RB4-_-y05-13-39-T4</VehicleJourneyCode>
			<ServiceRef>33-RB4-_-y05-13</ServiceRef>
			<LineRef>33-RB4-_-y05-13</LineRef>
			<JourneyPatternRef>JP_33-RB4-_-y05-13-3-O-2</JourneyPatternRef>
			<DepartureTime>18:21:00</DepartureTime>
		</VehicleJourney>
		<VehicleJourney>
			<PrivateCode>tfl-33-RB4-_-y05-13-40-T4</PrivateCode>
			<Operational>
				<VehicleType>
					<VehicleTypeCode>FW</VehicleTypeCode>
					<Description>Ferry (Wheelchair accessible)</Description>
				</VehicleType>
			</Operational>
			<VehicleJourneyCode>VJ_33-RB4-_-y05-13-40-T4</VehicleJourneyCode>
			<ServiceRef>33-RB4-_-y05-13</ServiceRef>
			<LineRef>33-RB4-_-y05-13</LineRef>
			<JourneyPatternRef>JP_33-RB4-_-y05-13-3-O-2</JourneyPatternRef>
			<DepartureTime>18:36:00</DepartureTime>
		</VehicleJourney>
		<VehicleJourney>
			<PrivateCode>tfl-33-RB4-_-y05-13-41-T4</PrivateCode>
			<Operational>
				<VehicleType>
					<VehicleTypeCode>FW</VehicleTypeCode>
					<Description>Ferry (Wheelchair accessible)</Description>
				</VehicleType>
			</Operational>
			<VehicleJourneyCode>VJ_33-RB4-_-y05-13-41-T4</VehicleJourneyCode>
			<ServiceRef>33-RB4-_-y05-13</ServiceRef>
			<LineRef>33-RB4-_-y05-13</LineRef>
			<JourneyPatternRef>JP_33-RB4-_-y05-13-3-O-2</JourneyPatternRef>
			<DepartureTime>18:51:00</DepartureTime>
		</VehicleJourney>
		<VehicleJourney>
			<PrivateCode>tfl-33-RB4-_-y05-13-42-T4</PrivateCode>
			<Operational>
				<VehicleType>
					<VehicleTypeCode>FW</VehicleTypeCode>
					<Description>Ferry (Wheelchair accessible)</Description>
				</VehicleType>
			</Operational>
			<VehicleJourneyCode>VJ_33-RB4-_-y05-13-42-T4</VehicleJourneyCode>
			<ServiceRef>33-RB4-_-y05-13</ServiceRef>
			<LineRef>33-RB4-_-y05-13</LineRef>
			<JourneyPatternRef>JP_33-RB4-_-y05-13-3-O-2</JourneyPatternRef>
			<DepartureTime>19:06:00</DepartureTime>
		</VehicleJourney>
		<VehicleJourney>
			<PrivateCode>tfl-33-RB4-_-y05-13-43-T4</PrivateCode>
			<Operational>
				<VehicleType>
					<VehicleTypeCode>FW</VehicleTypeCode>
					<Description>Ferry (Wheelchair accessible)</Description>
				</VehicleType>
			</Operational>
			<VehicleJourneyCode>VJ_33-RB4-_-y05-13-43-T4</VehicleJourneyCode>
			<ServiceRef>33-RB4-_-y05-13</ServiceRef>
			<LineRef>33-RB4-_-y05-13</LineRef>
			<JourneyPatternRef>JP_33-RB4-_-y05-13-3-O-2</JourneyPatternRef>
			<DepartureTime>19:21:00</DepartureTime>
		</VehicleJourney>
		<VehicleJourney>
			<PrivateCode>tfl-33-RB4-_-y05-13-44-T4</PrivateCode>
			<Operational>
				<VehicleType>
					<VehicleTypeCode>FW</VehicleTypeCode>
					<Description>Ferry (Wheelchair accessible)</Description>
				</VehicleType>
			</Operational>
			<VehicleJourneyCode>VJ_33-RB4-_-y05-13-44-T4</VehicleJourneyCode>
			<ServiceRef>33-RB4-_-y05-13</ServiceRef>
			<LineRef>33-RB4-_-y05-13</LineRef>
			<JourneyPatternRef>JP_33-RB4-_-y05-13-3-O-2</JourneyPatternRef>
			<DepartureTime>19:36:00</DepartureTime>
		</VehicleJourney>
		<VehicleJourney>
			<PrivateCode>tfl-33-RB4-_-y05-13-45-T4</PrivateCode>
			<Operational>
				<VehicleType>
					<VehicleTypeCode>FW</VehicleTypeCode>
					<Description>Ferry (Wheelchair accessible)</Description>
				</VehicleType>
			</Operational>
			<VehicleJourneyCode>VJ_33-RB4-_-y05-13-45-T4</VehicleJourneyCode>
			<ServiceRef>33-RB4-_-y05-13</ServiceRef>
			<LineRef>33-RB4-_-y05-13</LineRef>
			<JourneyPatternRef>JP_33-RB4-_-y05-13-3-O-2</JourneyPatternRef>
			<DepartureTime>19:51:00</DepartureTime>
		</VehicleJourney>
		<VehicleJourney>
			<PrivateCode>tfl-33-RB4-_-y05-13-46-T4</PrivateCode>
			<Operational>
				<VehicleType>
					<VehicleTypeCode>FW</VehicleTypeCode>
					<Description>Ferry (Wheelchair accessible)</Description>
				</VehicleType>
			</Operational>
			<VehicleJourneyCode>VJ_33-RB4-_-y05-13-46-T4</VehicleJourneyCode>
			<ServiceRef>33-RB4-_-y05-13</ServiceRef>
			<LineRef>33-RB4-_-y05-13</LineRef>
			<JourneyPatternRef>JP_33-RB4-_-y05-13-3-O-2</JourneyPatternRef>
			<DepartureTime>20:06:00</DepartureTime>
		</VehicleJourney>
		<VehicleJourney>
			<PrivateCode>tfl-33-RB4-_-y05-13-47-T4</PrivateCode>
			<Operational>
				<VehicleType>
					<VehicleTypeCode>FW</VehicleTypeCode>
					<Description>Ferry (Wheelchair accessible)</Description>
				</VehicleType>
			</Operational>
			<VehicleJourneyCode>VJ_33-RB4-_-y05-13-47-T4</VehicleJourneyCode>
			<ServiceRef>33-RB4-_-y05-13</ServiceRef>
			<LineRef>33-RB4-_-y05-13</LineRef>
			<JourneyPatternRef>JP_33-RB4-_-y05-13-3-O-2</JourneyPatternRef>
			<DepartureTime>21:06:00</DepartureTime>
		</VehicleJourney>
		<VehicleJourney>
			<PrivateCode>tfl-33-RB4-_-y05-13-48-T4</PrivateCode>
			<Operational>
				<VehicleType>
					<VehicleTypeCode>FW</VehicleTypeCode>
					<Description>Ferry (Wheelchair accessible)</Description>
				</VehicleType>
			</Operational>
			<VehicleJourneyCode>VJ_33-RB4-_-y05-13-48-T4</VehicleJourneyCode>
			<ServiceRef>33-RB4-_-y05-13</ServiceRef>
			<LineRef>33-RB4-_-y05-13</LineRef>
			<JourneyPatternRef>JP_33-RB4-_-y05-13-3-O-2</JourneyPatternRef>
			<DepartureTime>21:23:00</DepartureTime>
		</VehicleJourney>
		<VehicleJourney>
			<PrivateCode>tfl-33-RB4-_-y05-13-49-T4</PrivateCode>
			<Operational>
				<VehicleType>
					<VehicleTypeCode>FW</VehicleTypeCode>
					<Description>Ferry (Wheelchair accessible)</Description>
				</VehicleType>
			</Operational>
			<VehicleJourneyCode>VJ_33-RB4-_-y05-13-49-T4</VehicleJourneyCode>
			<ServiceRef>33-RB4-_-y05-13</ServiceRef>
			<LineRef>33-RB4-_-y05-13</LineRef>
			<JourneyPatternRef>JP_33-RB4-_-y05-13-3-O-2</JourneyPatternRef>
			<DepartureTime>21:43:00</DepartureTime>
		</VehicleJourney>
		<VehicleJourney>
			<PrivateCode>tfl-33-RB4-_-y05-13-50-T4</PrivateCode>
			<Operational>
				<VehicleType>
					<VehicleTypeCode>FW</VehicleTypeCode>
					<Description>Ferry (Wheelchair accessible)</Description>
				</VehicleType>
			</Operational>
			<VehicleJourneyCode>VJ_33-RB4-_-y05-13-50-T4</VehicleJourneyCode>
			<ServiceRef>33-RB4-_-y05-13</ServiceRef>
			<LineRef>33-RB4-_-y05-13</LineRef>
			<JourneyPatternRef>JP_33-RB4-_-y05-13-3-O-2</JourneyPatternRef>
			<DepartureTime>21:58:00</DepartureTime>
		</VehicleJourney>
		<VehicleJourney>
			<PrivateCode>tfl-33-RB4-_-y05-13-58-T4</PrivateCode>
			<Operational>
				<VehicleType>
					<VehicleTypeCode>FW</VehicleTypeCode>
					<Description>Ferry (Wheelchair accessible)</Description>
				</VehicleType>
			</Operational>
			<VehicleJourneyCode>VJ_33-RB4-_-y05-13-58-T4</VehicleJourneyCode>
			<ServiceRef>33-RB4-_-y05-13</ServiceRef>
			<LineRef>33-RB4-_-y05-13</LineRef>
			<JourneyPatternRef>JP_33-RB4-_-y05-13-2-I-1</JourneyPatternRef>
			<DepartureTime>09:05:00</DepartureTime>
		</VehicleJourney>
		<VehicleJourney>
			<PrivateCode>tfl-33-RB4-_-y05-13-59-T4</PrivateCode>
			<Operational>
				<VehicleType>
					<VehicleTypeCode>FW</VehicleTypeCode>
					<Description>Ferry (Wheelchair accessible)</Description>
				</VehicleType>
			</Operational>
			<VehicleJourneyCode>VJ_33-RB4-_-y05-13-59-T4</VehicleJourneyCode>
			<ServiceRef>33-RB4-_-y05-13</ServiceRef>
			<LineRef>33-RB4-_-y05-13</LineRef>
			<JourneyPatternRef>JP_33-RB4-_-y05-13-1-I-1</JourneyPatternRef>
			<DepartureTime>09:22:00</DepartureTime>
		</VehicleJourney>
		<VehicleJourney>
			<PrivateCode>tfl-33-RB4-_-y05-13-60-T4</PrivateCode>
			<Operational>
				<VehicleType>
					<VehicleTypeCode>FW</VehicleTypeCode>
					<Description>Ferry (Wheelchair accessible)</Description>
				</VehicleType>
			</Operational>
			<VehicleJourneyCode>VJ_33-RB4-_-y05-13-60-T4</VehicleJourneyCode>
			<ServiceRef>33-RB4-_-y05-13</ServiceRef>
			<LineRef>33-RB4-_-y05-13</LineRef>
			<JourneyPatternRef>JP_33-RB4-_-y05-13-1-I-1</JourneyPatternRef>
			<DepartureTime>09:32:00</DepartureTime>
		</VehicleJourney>
		<VehicleJourney>
			<PrivateCode>tfl-33-RB4-_-y05-13-61-T4</PrivateCode>
			<Operational>
				<VehicleType>
					<VehicleTypeCode>SSLW</VehicleTypeCode>
					<Description>Double Decker Low Floor+Wheelchair</Description>
				</VehicleType>
			</Operational>
			<VehicleJourneyCode>VJ_33-RB4-_-y05-13-61-T4</VehicleJourneyCode>
			<ServiceRef>33-RB4-_-y05-13</ServiceRef>
			<LineRef>33-RB4-_-y05-13</LineRef>
			<JourneyPatternRef>JP_33-RB4-_-y05-13-1-I-1</JourneyPatternRef>
			<DepartureTime>09:47:00</DepartureTime>
		</VehicleJourney>
		<VehicleJourney>
			<PrivateCode>tfl-33-RB4-_-y05-13-62-T4</PrivateCode>
			<Operational>
				<VehicleType>
					<VehicleTypeCode>SSLW</VehicleTypeCode>
					<Description>Double Decker Low Floor+Wheelchair</Description>
				</VehicleType>
			</Operational>
			<VehicleJourneyCode>VJ_33-RB4-_-y05-13-62-T4</VehicleJourneyCode>
			<ServiceRef>33-RB4-_-y05-13</ServiceRef>
			<LineRef>33-RB4-_-y05-13</LineRef>
			<JourneyPatternRef>JP_33-RB4-_-y05-13-1-I-1</JourneyPatternRef>
			<DepartureTime>10:02:00</DepartureTime>
		</VehicleJourney>
		<VehicleJourney>
			<PrivateCode>tfl-33-RB4-_-y05-13-63-T4</PrivateCode>
			<Operational>
				<VehicleType>
					<VehicleTypeCode>SSLW</VehicleTypeCode>
					<Description>Double Decker Low Floor+Wheelchair</Description>
				</VehicleType>
			</Operational>
			<VehicleJourneyCode>VJ_33-RB4-_-y05-13-63-T4</VehicleJourneyCode>
			<ServiceRef>33-RB4-_-y05-13</ServiceRef>
			<LineRef>33-RB4-_-y05-13</LineRef>
			<JourneyPatternRef>JP_33-RB4-_-y05-13-1-I-1</JourneyPatternRef>
			<DepartureTime>10:17:00</DepartureTime>
		</VehicleJourney>
		<VehicleJourney>
			<PrivateCode>tfl-33-RB4-_-y05-13-64-T4</PrivateCode>
			<Operational>
				<VehicleType>
					<VehicleTypeCode>SSLW</VehicleTypeCode>
					<Description>Double Decker Low Floor+Wheelchair</Description>
				</VehicleType>
			</Operational>
			<VehicleJourneyCode>VJ_33-RB4-_-y05-13-64-T4</VehicleJourneyCode>
			<ServiceRef>33-RB4-_-y05-13</ServiceRef>
			<LineRef>33-RB4-_-y05-13</LineRef>
			<JourneyPatternRef>JP_33-RB4-_-y05-13-1-I-1</JourneyPatternRef>
			<DepartureTime>10:32:00</DepartureTime>
		</VehicleJourney>
		<VehicleJourney>
			<PrivateCode>tfl-33-RB4-_-y05-13-65-T4</PrivateCode>
			<Operational>
				<VehicleType>
					<VehicleTypeCode>SSLW</VehicleTypeCode>
					<Description>Double Decker Low Floor+Wheelchair</Description>
				</VehicleType>
			</Operational>
			<VehicleJourneyCode>VJ_33-RB4-_-y05-13-65-T4</VehicleJourneyCode>
			<ServiceRef>33-RB4-_-y05-13</ServiceRef>
			<LineRef>33-RB4-_-y05-13</LineRef>
			<JourneyPatternRef>JP_33-RB4-_-y05-13-1-I-1</JourneyPatternRef>
			<DepartureTime>10:47:00</DepartureTime>
		</VehicleJourney>
		<VehicleJourney>
			<PrivateCode>tfl-33-RB4-_-y05-13-66-T4</PrivateCode>
			<Operational>
				<VehicleType>
					<VehicleTypeCode>SSLW</VehicleTypeCode>
					<Description>Double Decker Low Floor+Wheelchair</Description>
				</VehicleType>
			</Operational>
			<VehicleJourneyCode>VJ_33-RB4-_-y05-13-66-T4</VehicleJourneyCode>
			<ServiceRef>33-RB4-_-y05-13</ServiceRef>
			<LineRef>33-RB4-_-y05-13</LineRef>
			<JourneyPatternRef>JP_33-RB4-_-y05-13-1-I-1</JourneyPatternRef>
			<DepartureTime>11:02:00</DepartureTime>
		</VehicleJourney>
		<VehicleJourney>
			<PrivateCode>tfl-33-RB4-_-y05-13-67-T4</PrivateCode>
			<Operational>
				<VehicleType>
					<VehicleTypeCode>SSLW</VehicleTypeCode>
					<Description>Double Decker Low Floor+Wheelchair</Description>
				</VehicleType>
			</Operational>
			<VehicleJourneyCode>VJ_33-RB4-_-y05-13-67-T4</VehicleJourneyCode>
			<ServiceRef>33-RB4-_-y05-13</ServiceRef>
			<LineRef>33-RB4-_-y05-13</LineRef>
			<JourneyPatternRef>JP_33-RB4-_-y05-13-1-I-1</JourneyPatternRef>
			<DepartureTime>11:17:00</DepartureTime>
		</VehicleJourney>
		<VehicleJourney>
			<PrivateCode>tfl-33-RB4-_-y05-13-68-T4</PrivateCode>
			<Operational>
				<VehicleType>
					<VehicleTypeCode>SSLW</VehicleTypeCode>
					<Description>Double Decker Low Floor+Wheelchair</Description>
				</VehicleType>
			</Operational>
			<VehicleJourneyCode>VJ_33-RB4-_-y05-13-68-T4</VehicleJourneyCode>
			<ServiceRef>33-RB4-_-y05-13</ServiceRef>
			<LineRef>33-RB4-_-y05-13</LineRef>
			<JourneyPatternRef>JP_33-RB4-_-y05-13-1-I-1</JourneyPatternRef>
			<DepartureTime>11:32:00</DepartureTime>
		</VehicleJourney>
		<VehicleJourney>
			<PrivateCode>tfl-33-RB4-_-y05-13-69-T4</PrivateCode>
			<Operational>
				<VehicleType>
					<VehicleTypeCode>SSLW</VehicleTypeCode>
					<Description>Double Decker Low Floor+Wheelchair</Description>
				</VehicleType>
			</Operational>
			<VehicleJourneyCode>VJ_33-RB4-_-y05-13-69-T4</VehicleJourneyCode>
			<ServiceRef>33-RB4-_-y05-13</ServiceRef>
			<LineRef>33-RB4-_-y05-13</LineRef>
			<JourneyPatternRef>JP_33-RB4-_-y05-13-1-I-1</JourneyPatternRef>
			<DepartureTime>11:47:00</DepartureTime>
		</VehicleJourney>
		<VehicleJourney>
			<PrivateCode>tfl-33-RB4-_-y05-13-70-T4</PrivateCode>
			<Operational>
				<VehicleType>
					<VehicleTypeCode>SSLW</VehicleTypeCode>
					<Description>Double Decker Low Floor+Wheelchair</Description>
				</VehicleType>
			</Operational>
			<VehicleJourneyCode>VJ_33-RB4-_-y05-13-70-T4</VehicleJourneyCode>
			<ServiceRef>33-RB4-_-y05-13</ServiceRef>
			<LineRef>33-RB4-_-y05-13</LineRef>
			<JourneyPatternRef>JP_33-RB4-_-y05-13-1-I-1</JourneyPatternRef>
			<DepartureTime>12:02:00</DepartureTime>
		</VehicleJourney>
		<VehicleJourney>
			<PrivateCode>tfl-33-RB4-_-y05-13-71-T4</PrivateCode>
			<Operational>
				<VehicleType>
					<VehicleTypeCode>SSLW</VehicleTypeCode>
					<Description>Double Decker Low Floor+Wheelchair</Description>
				</VehicleType>
			</Operational>
			<VehicleJourneyCode>VJ_33-RB4-_-y05-13-71-T4</VehicleJourneyCode>
			<ServiceRef>33-RB4-_-y05-13</ServiceRef>
			<LineRef>33-RB4-_-y05-13</LineRef>
			<JourneyPatternRef>JP_33-RB4-_-y05-13-1-I-1</JourneyPatternRef>
			<DepartureTime>12:17:00</DepartureTime>
		</VehicleJourney>
		<VehicleJourney>
			<PrivateCode>tfl-33-RB4-_-y05-13-72-T4</PrivateCode>
			<Operational>
				<VehicleType>
					<VehicleTypeCode>SSLW</VehicleTypeCode>
					<Description>Double Decker Low Floor+Wheelchair</Description>
				</VehicleType>
			</Operational>
			<VehicleJourneyCode>VJ_33-RB4-_-y05-13-72-T4</VehicleJourneyCode>
			<ServiceRef>33-RB4-_-y05-13</ServiceRef>
			<LineRef>33-RB4-_-y05-13</LineRef>
			<JourneyPatternRef>JP_33-RB4-_-y05-13-1-I-1</JourneyPatternRef>
			<DepartureTime>12:32:00</DepartureTime>
		</VehicleJourney>
		<VehicleJourney>
			<PrivateCode>tfl-33-RB4-_-y05-13-73-T4</PrivateCode>
			<Operational>
				<VehicleType>
					<VehicleTypeCode>SSLW</VehicleTypeCode>
					<Description>Double Decker Low Floor+Wheelchair</Description>
				</VehicleType>
			</Operational>
			<VehicleJourneyCode>VJ_33-RB4-_-y05-13-73-T4</VehicleJourneyCode>
			<ServiceRef>33-RB4-_-y05-13</ServiceRef>
			<LineRef>33-RB4-_-y05-13</LineRef>
			<JourneyPatternRef>JP_33-RB4-_-y05-13-1-I-1</JourneyPatternRef>
			<DepartureTime>12:47:00</DepartureTime>
		</VehicleJourney>
		<VehicleJourney>
			<PrivateCode>tfl-33-RB4-_-y05-13-74-T4</PrivateCode>
			<Operational>
				<VehicleType>
					<VehicleTypeCode>SSLW</VehicleTypeCode>
					<Description>Double Decker Low Floor+Wheelchair</Description>
				</VehicleType>
			</Operational>
			<VehicleJourneyCode>VJ_33-RB4-_-y05-13-74-T4</VehicleJourneyCode>
			<ServiceRef>33-RB4-_-y05-13</ServiceRef>
			<LineRef>33-RB4-_-y05-13</LineRef>
			<JourneyPatternRef>JP_33-RB4-_-y05-13-1-I-1</JourneyPatternRef>
			<DepartureTime>13:02:00</DepartureTime>
		</VehicleJourney>
		<VehicleJourney>
			<PrivateCode>tfl-33-RB4-_-y05-13-75-T4</PrivateCode>
			<Operational>
				<VehicleType>
					<VehicleTypeCode>SSLW</VehicleTypeCode>
					<Description>Double Decker Low Floor+Wheelchair</Description>
				</VehicleType>
			</Operational>
			<VehicleJourneyCode>VJ_33-RB4-_-y05-13-75-T4</VehicleJourneyCode>
			<ServiceRef>33-RB4-_-y05-13</ServiceRef>
			<LineRef>33-RB4-_-y05-13</LineRef>
			<JourneyPatternRef>JP_33-RB4-_-y05-13-1-I-1</JourneyPatternRef>
			<DepartureTime>13:17:00</DepartureTime>
		</VehicleJourney>
		<VehicleJourney>
			<PrivateCode>tfl-33-RB4-_-y05-13-76-T4</PrivateCode>
			<Operational>
				<VehicleType>
					<VehicleTypeCode>SSLW</VehicleTypeCode>
					<Description>Double Decker Low Floor+Wheelchair</Description>
				</VehicleType>
			</Operational>
			<VehicleJourneyCode>VJ_33-RB4-_-y05-13-76-T4</VehicleJourneyCode>
			<ServiceRef>33-RB4-_-y05-13</ServiceRef>
			<LineRef>33-RB4-_-y05-13</LineRef>
			<JourneyPatternRef>JP_33-RB4-_-y05-13-1-I-1</JourneyPatternRef>
			<DepartureTime>13:32:00</DepartureTime>
		</VehicleJourney>
		<VehicleJourney>
			<PrivateCode>tfl-33-RB4-_-y05-13-77-T4</PrivateCode>
			<Operational>
				<VehicleType>
					<VehicleTypeCode>SSLW</VehicleTypeCode>
					<Description>Double Decker Low Floor+Wheelchair</Description>
				</VehicleType>
			</Operational>
			<VehicleJourneyCode>VJ_33-RB4-_-y05-13-77-T4</VehicleJourneyCode>
			<ServiceRef>33-RB4-_-y05-13</ServiceRef>
			<LineRef>33-RB4-_-y05-13</LineRef>
			<JourneyPatternRef>JP_33-RB4-_-y05-13-1-I-1</JourneyPatternRef>
			<DepartureTime>13:47:00</DepartureTime>
		</VehicleJourney>
		<VehicleJourney>
			<PrivateCode>tfl-33-RB4-_-y05-13-78-T4</PrivateCode>
			<Operational>
				<VehicleType>
					<VehicleTypeCode>SSLW</VehicleTypeCode>
					<Description>Double Decker Low Floor+Wheelchair</Description>
				</VehicleType>
			</Operational>
			<VehicleJourneyCode>VJ_33-RB4-_-y05-13-78-T4</VehicleJourneyCode>
			<ServiceRef>33-RB4-_-y05-13</ServiceRef>
			<LineRef>33-RB4-_-y05-13</LineRef>
			<JourneyPatternRef>JP_33-RB4-_-y05-13-1-I-1</JourneyPatternRef>
			<DepartureTime>14:02:00</DepartureTime>
		</VehicleJourney>
		<VehicleJourney>
			<PrivateCode>tfl-33-RB4-_-y05-13-79-T4</PrivateCode>
			<Operational>
				<VehicleType>
					<VehicleTypeCode>SSLW</VehicleTypeCode>
					<Description>Double Decker Low Floor+Wheelchair</Description>
				</VehicleType>
			</Operational>
			<VehicleJourneyCode>VJ_33-RB4-_-y05-13-79-T4</VehicleJourneyCode>
			<ServiceRef>33-RB4-_-y05-13</ServiceRef>
			<LineRef>33-RB4-_-y05-13</LineRef>
			<JourneyPatternRef>JP_33-RB4-_-y05-13-1-I-1</JourneyPatternRef>
			<DepartureTime>14:17:00</DepartureTime>
		</VehicleJourney>
		<VehicleJourney>
			<PrivateCode>tfl-33-RB4-_-y05-13-80-T4</PrivateCode>
			<Operational>
				<VehicleType>
					<VehicleTypeCode>SSLW</VehicleTypeCode>
					<Description>Double Decker Low Floor+Wheelchair</Description>
				</VehicleType>
			</Operational>
			<VehicleJourneyCode>VJ_33-RB4-_-y05-13-80-T4</VehicleJourneyCode>
			<ServiceRef>33-RB4-_-y05-13</ServiceRef>
			<LineRef>33-RB4-_-y05-13</LineRef>
			<JourneyPatternRef>JP_33-RB4-_-y05-13-1-I-1</JourneyPatternRef>
			<DepartureTime>14:32:00</DepartureTime>
		</VehicleJourney>
		<VehicleJourney>
			<PrivateCode>tfl-33-RB4-_-y05-13-81-T4</PrivateCode>
			<Operational>
				<VehicleType>
					<VehicleTypeCode>SSLW</VehicleTypeCode>
					<Description>Double Decker Low Floor+Wheelchair</Description>
				</VehicleType>
			</Operational>
			<VehicleJourneyCode>VJ_33-RB4-_-y05-13-81-T4</VehicleJourneyCode>
			<ServiceRef>33-RB4-_-y05-13</ServiceRef>
			<LineRef>33-RB4-_-y05-13</LineRef>
			<JourneyPatternRef>JP_33-RB4-_-y05-13-1-I-1</JourneyPatternRef>
			<DepartureTime>14:47:00</DepartureTime>
		</VehicleJourney>
		<VehicleJourney>
			<PrivateCode>tfl-33-RB4-_-y05-13-82-T4</PrivateCode>
			<Operational>
				<VehicleType>
					<VehicleTypeCode>SSLW</VehicleTypeCode>
					<Description>Double Decker Low Floor+Wheelchair</Description>
				</VehicleType>
			</Operational>
			<VehicleJourneyCode>VJ_33-RB4-_-y05-13-82-T4</VehicleJourneyCode>
			<ServiceRef>33-RB4-_-y05-13</ServiceRef>
			<LineRef>33-RB4-_-y05-13</LineRef>
			<JourneyPatternRef>JP_33-RB4-_-y05-13-1-I-1</JourneyPatternRef>
			<DepartureTime>15:02:00</DepartureTime>
		</VehicleJourney>
		<VehicleJourney>
			<PrivateCode>tfl-33-RB4-_-y05-13-83-T4</PrivateCode>
			<Operational>
				<VehicleType>
					<VehicleTypeCode>SSLW</VehicleTypeCode>
					<Description>Double Decker Low Floor+Wheelchair</Description>
				</VehicleType>
			</Operational>
			<VehicleJourneyCode>VJ_33-RB4-_-y05-13-83-T4</VehicleJourneyCode>
			<ServiceRef>33-RB4-_-y05-13</ServiceRef>
			<LineRef>33-RB4-_-y05-13</LineRef>
			<JourneyPatternRef>JP_33-RB4-_-y05-13-1-I-1</JourneyPatternRef>
			<DepartureTime>15:17:00</DepartureTime>
		</VehicleJourney>
		<VehicleJourney>
			<PrivateCode>tfl-33-RB4-_-y05-13-84-T4</PrivateCode>
			<Operational>
				<VehicleType>
					<VehicleTypeCode>SSLW</VehicleTypeCode>
					<Description>Double Decker Low Floor+Wheelchair</Description>
				</VehicleType>
			</Operational>
			<VehicleJourneyCode>VJ_33-RB4-_-y05-13-84-T4</VehicleJourneyCode>
			<ServiceRef>33-RB4-_-y05-13</ServiceRef>
			<LineRef>33-RB4-_-y05-13</LineRef>
			<JourneyPatternRef>JP_33-RB4-_-y05-13-1-I-1</JourneyPatternRef>
			<DepartureTime>15:32:00</DepartureTime>
		</VehicleJourney>
		<VehicleJourney>
			<PrivateCode>tfl-33-RB4-_-y05-13-85-T4</PrivateCode>
			<Operational>
				<VehicleType>
					<VehicleTypeCode>SSLW</VehicleTypeCode>
					<Description>Double Decker Low Floor+Wheelchair</Description>
				</VehicleType>
			</Operational>
			<VehicleJourneyCode>VJ_33-RB4-_-y05-13-85-T4</VehicleJourneyCode>
			<ServiceRef>33-RB4-_-y05-13</ServiceRef>
			<LineRef>33-RB4-_-y05-13</LineRef>
			<JourneyPatternRef>JP_33-RB4-_-y05-13-1-I-1</JourneyPatternRef>
			<DepartureTime>15:44:00</DepartureTime>
		</VehicleJourney>
		<VehicleJourney>
			<PrivateCode>tfl-33-RB4-_-y05-13-86-T4</PrivateCode>
			<Operational>
				<VehicleType>
					<VehicleTypeCode>SSLW</VehicleTypeCode>
					<Description>Double Decker Low Floor+Wheelchair</Description>
				</VehicleType>
			</Operational>
			<VehicleJourneyCode>VJ_33-RB4-_-y05-13-86-T4</VehicleJourneyCode>
			<ServiceRef>33-RB4-_-y05-13</ServiceRef>
			<LineRef>33-RB4-_-y05-13</LineRef>
			<JourneyPatternRef>JP_33-RB4-_-y05-13-1-I-1</JourneyPatternRef>
			<DepartureTime>15:56:00</DepartureTime>
		</VehicleJourney>
		<VehicleJourney>
			<PrivateCode>tfl-33-RB4-_-y05-13-87-T4</PrivateCode>
			<Operational>
				<VehicleType>
					<VehicleTypeCode>SSLW</VehicleTypeCode>
					<Description>Double Decker Low Floor+Wheelchair</Description>
				</VehicleType>
			</Operational>
			<VehicleJourneyCode>VJ_33-RB4-_-y05-13-87-T4</VehicleJourneyCode>
			<ServiceRef>33-RB4-_-y05-13</ServiceRef>
			<LineRef>33-RB4-_-y05-13</LineRef>
			<JourneyPatternRef>JP_33-RB4-_-y05-13-1-I-1</JourneyPatternRef>
			<DepartureTime>16:11:00</DepartureTime>
		</VehicleJourney>
		<VehicleJourney>
			<PrivateCode>tfl-33-RB4-_-y05-13-88-T4</PrivateCode>
			<Operational>
				<VehicleType>
					<VehicleTypeCode>SSLW</VehicleTypeCode>
					<Description>Double Decker Low Floor+Wheelchair</Description>
				</VehicleType>
			</Operational>
			<VehicleJourneyCode>VJ_33-RB4-_-y05-13-88-T4</VehicleJourneyCode>
			<ServiceRef>33-RB4-_-y05-13</ServiceRef>
			<LineRef>33-RB4-_-y05-13</LineRef>
			<JourneyPatternRef>JP_33-RB4-_-y05-13-1-I-1</JourneyPatternRef>
			<DepartureTime>16:26:00</DepartureTime>
		</VehicleJourney>
		<VehicleJourney>
			<PrivateCode>tfl-33-RB4-_-y05-13-89-T4</PrivateCode>
			<Operational>
				<VehicleType>
					<VehicleTypeCode>SSLW</VehicleTypeCode>
					<Description>Double Decker Low Floor+Wheelchair</Description>
				</VehicleType>
			</Operational>
			<VehicleJourneyCode>VJ_33-RB4-_-y05-13-89-T4</VehicleJourneyCode>
			<ServiceRef>33-RB4-_-y05-13</ServiceRef>
			<LineRef>33-RB4-_-y05-13</LineRef>
			<JourneyPatternRef>JP_33-RB4-_-y05-13-1-I-1</JourneyPatternRef>
			<DepartureTime>16:41:00</DepartureTime>
		</VehicleJourney>
		<VehicleJourney>
			<PrivateCode>tfl-33-RB4-_-y05-13-90-T4</PrivateCode>
			<Operational>
				<VehicleType>
					<VehicleTypeCode>SSLW</VehicleTypeCode>
					<Description>Double Decker Low Floor+Wheelchair</Description>
				</VehicleType>
			</Operational>
			<VehicleJourneyCode>VJ_33-RB4-_-y05-13-90-T4</VehicleJourneyCode>
			<ServiceRef>33-RB4-_-y05-13</ServiceRef>
			<LineRef>33-RB4-_-y05-13</LineRef>
			<JourneyPatternRef>JP_33-RB4-_-y05-13-1-I-1</JourneyPatternRef>
			<DepartureTime>16:56:00</DepartureTime>
		</VehicleJourney>
		<VehicleJourney>
			<PrivateCode>tfl-33-RB4-_-y05-13-91-T4</PrivateCode>
			<Operational>
				<VehicleType>
					<VehicleTypeCode>SSLW</VehicleTypeCode>
					<Description>Double Decker Low Floor+Wheelchair</Description>
				</VehicleType>
			</Operational>
			<VehicleJourneyCode>VJ_33-RB4-_-y05-13-91-T4</VehicleJourneyCode>
			<ServiceRef>33-RB4-_-y05-13</ServiceRef>
			<LineRef>33-RB4-_-y05-13</LineRef>
			<JourneyPatternRef>JP_33-RB4-_-y05-13-1-I-1</JourneyPatternRef>
			<DepartureTime>17:14:00</DepartureTime>
		</VehicleJourney>
		<VehicleJourney>
			<PrivateCode>tfl-33-RB4-_-y05-13-92-T4</PrivateCode>
			<Operational>
				<VehicleType>
					<VehicleTypeCode>SSLW</VehicleTypeCode>
					<Description>Double Decker Low Floor+Wheelchair</Description>
				</VehicleType>
			</Operational>
			<VehicleJourneyCode>VJ_33-RB4-_-y05-13-92-T4</VehicleJourneyCode>
			<ServiceRef>33-RB4-_-y05-13</ServiceRef>
			<LineRef>33-RB4-_-y05-13</LineRef>
			<JourneyPatternRef>JP_33-RB4-_-y05-13-1-I-1</JourneyPatternRef>
			<DepartureTime>17:26:00</DepartureTime>
		</VehicleJourney>
		<VehicleJourney>
			<PrivateCode>tfl-33-RB4-_-y05-13-93-T4</PrivateCode>
			<Operational>
				<VehicleType>
					<VehicleTypeCode>SSLW</VehicleTypeCode>
					<Description>Double Decker Low Floor+Wheelchair</Description>
				</VehicleType>
			</Operational>
			<VehicleJourneyCode>VJ_33-RB4-_-y05-13-93-T4</VehicleJourneyCode>
			<ServiceRef>33-RB4-_-y05-13</ServiceRef>
			<LineRef>33-RB4-_-y05-13</LineRef>
			<JourneyPatternRef>JP_33-RB4-_-y05-13-1-I-1</JourneyPatternRef>
			<DepartureTime>17:44:00</DepartureTime>
		</VehicleJourney>
		<VehicleJourney>
			<PrivateCode>tfl-33-RB4-_-y05-13-94-T4</PrivateCode>
			<Operational>
				<VehicleType>
					<VehicleTypeCode>SSLW</VehicleTypeCode>
					<Description>Double Decker Low Floor+Wheelchair</Description>
				</VehicleType>
			</Operational>
			<VehicleJourneyCode>VJ_33-RB4-_-y05-13-94-T4</VehicleJourneyCode>
			<ServiceRef>33-RB4-_-y05-13</ServiceRef>
			<LineRef>33-RB4-_-y05-13</LineRef>
			<JourneyPatternRef>JP_33-RB4-_-y05-13-1-I-1</JourneyPatternRef>
			<DepartureTime>17:56:00</DepartureTime>
		</VehicleJourney>
		<VehicleJourney>
			<PrivateCode>tfl-33-RB4-_-y05-13-95-T4</PrivateCode>
			<Operational>
				<VehicleType>
					<VehicleTypeCode>SSLW</VehicleTypeCode>
					<Description>Double Decker Low Floor+Wheelchair</Description>
				</VehicleType>
			</Operational>
			<VehicleJourneyCode>VJ_33-RB4-_-y05-13-95-T4</VehicleJourneyCode>
			<ServiceRef>33-RB4-_-y05-13</ServiceRef>
			<LineRef>33-RB4-_-y05-13</LineRef>
			<JourneyPatternRef>JP_33-RB4-_-y05-13-1-I-1</JourneyPatternRef>
			<DepartureTime>18:14:00</DepartureTime>
		</VehicleJourney>
		<VehicleJourney>
			<PrivateCode>tfl-33-RB4-_-y05-13-96-T4</PrivateCode>
			<Operational>
				<VehicleType>
					<VehicleTypeCode>SSLW</VehicleTypeCode>
					<Description>Double Decker Low Floor+Wheelchair</Description>
				</VehicleType>
			</Operational>
			<VehicleJourneyCode>VJ_33-RB4-_-y05-13-96-T4</VehicleJourneyCode>
			<ServiceRef>33-RB4-_-y05-13</ServiceRef>
			<LineRef>33-RB4-_-y05-13</LineRef>
			<JourneyPatternRef>JP_33-RB4-_-y05-13-1-I-1</JourneyPatternRef>
			<DepartureTime>18:26:00</DepartureTime>
		</VehicleJourney>
		<VehicleJourney>
			<PrivateCode>tfl-33-RB4-_-y05-13-97-T4</PrivateCode>
			<Operational>
				<VehicleType>
					<VehicleTypeCode>SSLW</VehicleTypeCode>
					<Description>Double Decker Low Floor+Wheelchair</Description>
				</VehicleType>
			</Operational>
			<VehicleJourneyCode>VJ_33-RB4-_-y05-13-97-T4</VehicleJourneyCode>
			<ServiceRef>33-RB4-_-y05-13</ServiceRef>
			<LineRef>33-RB4-_-y05-13</LineRef>
			<JourneyPatternRef>JP_33-RB4-_-y05-13-1-I-1</JourneyPatternRef>
			<DepartureTime>18:44:00</DepartureTime>
		</VehicleJourney>
		<VehicleJourney>
			<PrivateCode>tfl-33-RB4-_-y05-13-98-T4</PrivateCode>
			<Operational>
				<VehicleType>
					<VehicleTypeCode>SSLW</VehicleTypeCode>
					<Description>Double Decker Low Floor+Wheelchair</Description>
				</VehicleType>
			</Operational>
			<VehicleJourneyCode>VJ_33-RB4-_-y05-13-98-T4</VehicleJourneyCode>
			<ServiceRef>33-RB4-_-y05-13</ServiceRef>
			<LineRef>33-RB4-_-y05-13</LineRef>
			<JourneyPatternRef>JP_33-RB4-_-y05-13-1-I-1</JourneyPatternRef>
			<DepartureTime>18:56:00</DepartureTime>
		</VehicleJourney>
		<VehicleJourney>
			<PrivateCode>tfl-33-RB4-_-y05-13-99-T4</PrivateCode>
			<Operational>
				<VehicleType>
					<VehicleTypeCode>SSLW</VehicleTypeCode>
					<Description>Double Decker Low Floor+Wheelchair</Description>
				</VehicleType>
			</Operational>
			<VehicleJourneyCode>VJ_33-RB4-_-y05-13-99-T4</VehicleJourneyCode>
			<ServiceRef>33-RB4-_-y05-13</ServiceRef>
			<LineRef>33-RB4-_-y05-13</LineRef>
			<JourneyPatternRef>JP_33-RB4-_-y05-13-1-I-1</JourneyPatternRef>
			<DepartureTime>19:14:00</DepartureTime>
		</VehicleJourney>
		<VehicleJourney>
			<PrivateCode>tfl-33-RB4-_-y05-13-100-T4</PrivateCode>
			<Operational>
				<VehicleType>
					<VehicleTypeCode>SSLW</VehicleTypeCode>
					<Description>Double Decker Low Floor+Wheelchair</Description>
				</VehicleType>
			</Operational>
			<VehicleJourneyCode>VJ_33-RB4-_-y05-13-100-T4</VehicleJourneyCode>
			<ServiceRef>33-RB4-_-y05-13</ServiceRef>
			<LineRef>33-RB4-_-y05-13</LineRef>
			<JourneyPatternRef>JP_33-RB4-_-y05-13-1-I-1</JourneyPatternRef>
			<DepartureTime>19:26:00</DepartureTime>
		</VehicleJourney>
		<VehicleJourney>
			<PrivateCode>tfl-33-RB4-_-y05-13-101-T4</PrivateCode>
			<Operational>
				<VehicleType>
					<VehicleTypeCode>SSLW</VehicleTypeCode>
					<Description>Double Decker Low Floor+Wheelchair</Description>
				</VehicleType>
			</Operational>
			<VehicleJourneyCode>VJ_33-RB4-_-y05-13-101-T4</VehicleJourneyCode>
			<ServiceRef>33-RB4-_-y05-13</ServiceRef>
			<LineRef>33-RB4-_-y05-13</LineRef>
			<JourneyPatternRef>JP_33-RB4-_-y05-13-1-I-1</JourneyPatternRef>
			<DepartureTime>19:44:00</DepartureTime>
		</VehicleJourney>
		<VehicleJourney>
			<PrivateCode>tfl-33-RB4-_-y05-13-102-T4</PrivateCode>
			<Operational>
				<VehicleType>
					<VehicleTypeCode>SSLW</VehicleTypeCode>
					<Description>Double Decker Low Floor+Wheelchair</Description>
				</VehicleType>
			</Operational>
			<VehicleJourneyCode>VJ_33-RB4-_-y05-13-102-T4</VehicleJourneyCode>
			<ServiceRef>33-RB4-_-y05-13</ServiceRef>
			<LineRef>33-RB4-_-y05-13</LineRef>
			<JourneyPatternRef>JP_33-RB4-_-y05-13-1-I-1</JourneyPatternRef>
			<DepartureTime>19:56:00</DepartureTime>
		</VehicleJourney>
		<VehicleJourney>
			<PrivateCode>tfl-33-RB4-_-y05-13-103-T4</PrivateCode>
			<Operational>
				<VehicleType>
					<VehicleTypeCode>SSLW</VehicleTypeCode>
					<Description>Double Decker Low Floor+Wheelchair</Description>
				</VehicleType>
			</Operational>
			<VehicleJourneyCode>VJ_33-RB4-_-y05-13-103-T4</VehicleJourneyCode>
			<ServiceRef>33-RB4-_-y05-13</ServiceRef>
			<LineRef>33-RB4-_-y05-13</LineRef>
			<JourneyPatternRef>JP_33-RB4-_-y05-13-1-I-1</JourneyPatternRef>
			<DepartureTime>20:14:00</DepartureTime>
		</VehicleJourney>
		<VehicleJourney>
			<PrivateCode>tfl-33-RB4-_-y05-13-104-T4</PrivateCode>
			<Operational>
				<VehicleType>
					<VehicleTypeCode>SSLW</VehicleTypeCode>
					<Description>Double Decker Low Floor+Wheelchair</Description>
				</VehicleType>
			</Operational>
			<VehicleJourneyCode>VJ_33-RB4-_-y05-13-104-T4</VehicleJourneyCode>
			<ServiceRef>33-RB4-_-y05-13</ServiceRef>
			<LineRef>33-RB4-_-y05-13</LineRef>
			<JourneyPatternRef>JP_33-RB4-_-y05-13-1-I-1</JourneyPatternRef>
			<DepartureTime>21:14:00</DepartureTime>
		</VehicleJourney>
		<VehicleJourney>
			<PrivateCode>tfl-33-RB4-_-y05-13-105-T4</PrivateCode>
			<Operational>
				<VehicleType>
					<VehicleTypeCode>SSLW</VehicleTypeCode>
					<Description>Double Decker Low Floor+Wheelchair</Description>
				</VehicleType>
			</Operational>
			<VehicleJourneyCode>VJ_33-RB4-_-y05-13-105-T4</VehicleJourneyCode>
			<ServiceRef>33-RB4-_-y05-13</ServiceRef>
			<LineRef>33-RB4-_-y05-13</LineRef>
			<JourneyPatternRef>JP_33-RB4-_-y05-13-1-I-1</JourneyPatternRef>
			<DepartureTime>21:28:00</DepartureTime>
		</VehicleJourney>
		<VehicleJourney>
			<PrivateCode>tfl-33-RB4-_-y05-13-106-T4</PrivateCode>
			<Operational>
				<VehicleType>
					<VehicleTypeCode>SSLW</VehicleTypeCode>
					<Description>Double Decker Low Floor+Wheelchair</Description>
				</VehicleType>
			</Operational>
			<VehicleJourneyCode>VJ_33-RB4-_-y05-13-106-T4</VehicleJourneyCode>
			<ServiceRef>33-RB4-_-y05-13</ServiceRef>
			<LineRef>33-RB4-_-y05-13</LineRef>
			<JourneyPatternRef>JP_33-RB4-_-y05-13-1-I-1</JourneyPatternRef>
			<DepartureTime>21:48:00</DepartureTime>
		</VehicleJourney>
		<VehicleJourney>
			<PrivateCode>tfl-33-RB4-_-y05-13-107-T4</PrivateCode>
			<Operational>
				<VehicleType>
					<VehicleTypeCode>SSLW</VehicleTypeCode>
					<Description>Double Decker Low Floor+Wheelchair</Description>
				</VehicleType>
			</Operational>
			<VehicleJourneyCode>VJ_33-RB4-_-y05-13-107-T4</VehicleJourneyCode>
			<ServiceRef>33-RB4-_-y05-13</ServiceRef>
			<LineRef>33-RB4-_-y05-13</LineRef>
			<JourneyPatternRef>JP_33-RB4-_-y05-13-1-I-1</JourneyPatternRef>
			<DepartureTime>22:03:00</DepartureTime>
		</VehicleJourney>
	</VehicleJourneys>
</TransXChange>