<?xml version="1.0" encoding="Windows-1252"?>
<TransXChange CreationDateTime="2017-12-11T17:17:43.7677448Z" ModificationDateTime="2017-12-11T17:17:43.7677448Z" Modification="new" FileName="tfl_33-RB1-_-y05-23.xml" RevisionNumber="3" SchemaVersion="2.1" xml:lang="en" xsi:schemaLocation="http://www.transxchange.org.uk/ http://www.transxchange.org.uk/schema/2.1/TransXChange_general.xsd" xmlns:xsi="http://www.w3.org/2001/XMLSchema-instance" xmlns="http://www.transxchange.org.uk/">
	<NptgLocalities>
		<AnnotatedNptgLocalityRef>
			<NptgLocalityRef>E0034886</NptgLocalityRef>
			<LocalityName>Battersea</LocalityName>
		</AnnotatedNptgLocalityRef>
		<AnnotatedNptgLocalityRef>
			<NptgLocalityRef>E0034649</NptgLocalityRef>
			<LocalityName>Waterloo (London)</LocalityName>
		</AnnotatedNptgLocalityRef>
		<AnnotatedNptgLocalityRef>
			<NptgLocalityRef>N0077694</NptgLocalityRef>
			<LocalityName>London Bridge</LocalityName>
		</AnnotatedNptgLocalityRef>
		<AnnotatedNptgLocalityRef>
			<NptgLocalityRef>N0077729</NptgLocalityRef>
			<LocalityName>Tower Hill (London)</LocalityName>
		</AnnotatedNptgLocalityRef>
		<AnnotatedNptgLocalityRef>
			<NptgLocalityRef>N0077638</NptgLocalityRef>
			<LocalityName>Canary Wharf</LocalityName>
		</AnnotatedNptgLocalityRef>
		<AnnotatedNptgLocalityRef>
			<NptgLocalityRef>E0034328</NptgLocalityRef>
			<LocalityName>Greenwich (London)</LocalityName>
		</AnnotatedNptgLocalityRef>
		<AnnotatedNptgLocalityRef>
			<NptgLocalityRef>N0077702</NptgLocalityRef>
			<LocalityName>North Greenwich</LocalityName>
		</AnnotatedNptgLocalityRef>
		<AnnotatedNptgLocalityRef>
			<NptgLocalityRef>E0034338</NptgLocalityRef>
			<LocalityName>Woolwich</LocalityName>
		</AnnotatedNptgLocalityRef>
		<AnnotatedNptgLocalityRef>
			<NptgLocalityRef>N0060501</NptgLocalityRef>
			<LocalityName>Southwark</LocalityName>
		</AnnotatedNptgLocalityRef>
		<AnnotatedNptgLocalityRef>
			<NptgLocalityRef>N0077723</NptgLocalityRef>
			<LocalityName>Surrey Quays</LocalityName>
		</AnnotatedNptgLocalityRef>
		<AnnotatedNptgLocalityRef>
			<NptgLocalityRef>E0034852</NptgLocalityRef>
			<LocalityName>Millwall</LocalityName>
		</AnnotatedNptgLocalityRef>
		<AnnotatedNptgLocalityRef>
			<NptgLocalityRef>N0077631</NptgLocalityRef>
			<LocalityName>Blackfriars</LocalityName>
		</AnnotatedNptgLocalityRef>
		<AnnotatedNptgLocalityRef>
			<NptgLocalityRef>N0077659</NptgLocalityRef>
			<LocalityName>Embankment</LocalityName>
		</AnnotatedNptgLocalityRef>
		<AnnotatedNptgLocalityRef>
			<NptgLocalityRef>E0034961</NptgLocalityRef>
			<LocalityName>Westminster</LocalityName>
		</AnnotatedNptgLocalityRef>
	</NptgLocalities>
	<StopPoints>
		<StopPoint CreationDateTime="2017-12-07T00:00:00">
			<AtcoCode>9300BSP1</AtcoCode>
			<Descriptor>
				<CommonName>Battersea Power Station Pier</CommonName>
			</Descriptor>
			<Place>
				<NptgLocalityRef>E0034886</NptgLocalityRef>
				<Location Precision="1m">
					<Easting>528852</Easting>
					<Northing>177735</Northing>
				</Location>
			</Place>
			<StopClassification>
				<StopType>FBT</StopType>
				<OffStreet>
					<Ferry>
						<Berth />
					</Ferry>
				</OffStreet>
			</StopClassification>
			<AdministrativeAreaRef>000</AdministrativeAreaRef>
			<Notes>Battersea Power Station Pier</Notes>
		</StopPoint>
		<StopPoint CreationDateTime="2017-11-30T00:00:00">
			<AtcoCode>9300WMP1</AtcoCode>
			<Descriptor>
				<CommonName>London Eye Waterloo Pier</CommonName>
			</Descriptor>
			<Place>
				<NptgLocalityRef>E0034649</NptgLocalityRef>
				<Location Precision="1m">
					<Easting>530546</Easting>
					<Northing>179947</Northing>
				</Location>
			</Place>
			<StopClassification>
				<StopType>FBT</StopType>
				<OffStreet>
					<Ferry>
						<Berth />
					</Ferry>
				</OffStreet>
			</StopClassification>
			<AdministrativeAreaRef>000</AdministrativeAreaRef>
			<Notes>London Eye Waterloo Pier</Notes>
		</StopPoint>
		<StopPoint CreationDateTime="2016-01-27T00:00:00">
			<AtcoCode>9300LBR1</AtcoCode>
			<Descriptor>
				<CommonName>London Bridge City Pier</CommonName>
			</Descriptor>
			<Place>
				<NptgLocalityRef>N0077694</NptgLocalityRef>
				<Location Precision="1m">
					<Easting>533012</Easting>
					<Northing>180407</Northing>
				</Location>
			</Place>
			<StopClassification>
				<StopType>FBT</StopType>
				<OffStreet>
					<Ferry>
						<Berth />
					</Ferry>
				</OffStreet>
			</StopClassification>
			<AdministrativeAreaRef>000</AdministrativeAreaRef>
			<Notes>London Bridge City Pier</Notes>
		</StopPoint>
		<StopPoint CreationDateTime="2016-04-13T00:00:00">
			<AtcoCode>9300TMP4</AtcoCode>
			<Descriptor>
				<CommonName>Tower Pier</CommonName>
			</Descriptor>
			<Place>
				<NptgLocalityRef>N0077729</NptgLocalityRef>
				<Location Precision="1m">
					<Easting>533461</Easting>
					<Northing>180442</Northing>
				</Location>
			</Place>
			<StopClassification>
				<StopType>FBT</StopType>
				<OffStreet>
					<Ferry>
						<Berth />
					</Ferry>
				</OffStreet>
			</StopClassification>
			<AdministrativeAreaRef>000</AdministrativeAreaRef>
			<Notes>Tower Pier</Notes>
		</StopPoint>
		<StopPoint CreationDateTime="2016-03-18T00:00:00">
			<AtcoCode>9300CAW1</AtcoCode>
			<Descriptor>
				<CommonName>Canary Wharf Pier</CommonName>
			</Descriptor>
			<Place>
				<NptgLocalityRef>N0077638</NptgLocalityRef>
				<Location Precision="1m">
					<Easting>536883</Easting>
					<Northing>180319</Northing>
				</Location>
			</Place>
			<StopClassification>
				<StopType>FBT</StopType>
				<OffStreet>
					<Ferry>
						<Berth />
					</Ferry>
				</OffStreet>
			</StopClassification>
			<AdministrativeAreaRef>000</AdministrativeAreaRef>
			<Notes>Canary Wharf Pier</Notes>
		</StopPoint>
		<StopPoint CreationDateTime="2016-01-19T00:00:00">
			<AtcoCode>9300GNW2</AtcoCode>
			<Descriptor>
				<CommonName>Greenwich Pier</CommonName>
			</Descriptor>
			<Place>
				<NptgLocalityRef>E0034328</NptgLocalityRef>
				<Location Precision="1m">
					<Easting>538355</Easting>
					<Northing>178017</Northing>
				</Location>
			</Place>
			<StopClassification>
				<StopType>FBT</StopType>
				<OffStreet>
					<Ferry>
						<Berth />
					</Ferry>
				</OffStreet>
			</StopClassification>
			<AdministrativeAreaRef>000</AdministrativeAreaRef>
			<Notes>Greenwich Pier</Notes>
		</StopPoint>
		<StopPoint CreationDateTime="2016-02-16T00:00:00">
			<AtcoCode>9300MIL2</AtcoCode>
			<Descriptor>
				<CommonName>North Greenwich Pier</CommonName>
			</Descriptor>
			<Place>
				<NptgLocalityRef>N0077702</NptgLocalityRef>
				<Location Precision="1m">
					<Easting>539550</Easting>
					<Northing>180055</Northing>
				</Location>
			</Place>
			<StopClassification>
				<StopType>FBT</StopType>
				<OffStreet>
					<Ferry>
						<Berth />
					</Ferry>
				</OffStreet>
			</StopClassification>
			<AdministrativeAreaRef>000</AdministrativeAreaRef>
			<Notes>North Greenwich Pier</Notes>
		</StopPoint>
		<StopPoint CreationDateTime="2017-09-04T00:00:00">
			<AtcoCode>9300WAS1</AtcoCode>
			<Descriptor>
				<CommonName>Woolwich Royal Arsenal Pier</CommonName>
			</Descriptor>
			<Place>
				<NptgLocalityRef>E0034338</NptgLocalityRef>
				<Location Precision="1m">
					<Easting>543918</Easting>
					<Northing>179506</Northing>
				</Location>
			</Place>
			<StopClassification>
				<StopType>FBT</StopType>
				<OffStreet>
					<Ferry>
						<Berth />
					</Ferry>
				</OffStreet>
			</StopClassification>
			<AdministrativeAreaRef>000</AdministrativeAreaRef>
			<Notes>Woolwich Royal Arsenal Pier</Notes>
		</StopPoint>
		<StopPoint CreationDateTime="2016-04-06T00:00:00">
			<AtcoCode>9300SWK3</AtcoCode>
			<Descriptor>
				<CommonName>Bankside Pier</CommonName>
			</Descriptor>
			<Place>
				<NptgLocalityRef>N0060501</NptgLocalityRef>
				<Location Precision="1m">
					<Easting>532199</Easting>
					<Northing>180589</Northing>
				</Location>
			</Place>
			<StopClassification>
				<StopType>FBT</StopType>
				<OffStreet>
					<Ferry>
						<Berth />
					</Ferry>
				</OffStreet>
			</StopClassification>
			<AdministrativeAreaRef>000</AdministrativeAreaRef>
			<Notes>Bankside Pier</Notes>
		</StopPoint>
		<StopPoint CreationDateTime="2017-11-30T00:00:00">
			<AtcoCode>9300GLP1</AtcoCode>
			<Descriptor>
				<CommonName>Greenland Surrey Quays Pier</CommonName>
			</Descriptor>
			<Place>
				<NptgLocalityRef>N0077723</NptgLocalityRef>
				<Location Precision="1m">
					<Easting>536729</Easting>
					<Northing>179154</Northing>
				</Location>
			</Place>
			<StopClassification>
				<StopType>FBT</StopType>
				<OffStreet>
					<Ferry>
						<Berth />
					</Ferry>
				</OffStreet>
			</StopClassification>
			<AdministrativeAreaRef>000</AdministrativeAreaRef>
			<Notes>Greenland Surrey Quays Pier</Notes>
		</StopPoint>
		<StopPoint CreationDateTime="2016-01-13T00:00:00">
			<AtcoCode>9300MHT2</AtcoCode>
			<Descriptor>
				<CommonName>Masthouse Terrace Pier</CommonName>
			</Descriptor>
			<Place>
				<NptgLocalityRef>E0034852</NptgLocalityRef>
				<Location Precision="1m">
					<Easting>537421</Easting>
					<Northing>178343</Northing>
				</Location>
			</Place>
			<StopClassification>
				<StopType>FBT</StopType>
				<OffStreet>
					<Ferry>
						<Berth />
					</Ferry>
				</OffStreet>
			</StopClassification>
			<AdministrativeAreaRef>000</AdministrativeAreaRef>
			<Notes>Masthouse Terrace Pier</Notes>
		</StopPoint>
		<StopPoint CreationDateTime="2016-02-16T00:00:00">
			<AtcoCode>9300MIL1</AtcoCode>
			<Descriptor>
				<CommonName>North Greenwich Pier</CommonName>
			</Descriptor>
			<Place>
				<NptgLocalityRef>N0077702</NptgLocalityRef>
				<Location Precision="1m">
					<Easting>539551</Easting>
					<Northing>180056</Northing>
				</Location>
			</Place>
			<StopClassification>
				<StopType>FBT</StopType>
				<OffStreet>
					<Ferry>
						<Berth />
					</Ferry>
				</OffStreet>
			</StopClassification>
			<AdministrativeAreaRef>000</AdministrativeAreaRef>
			<Notes>North Greenwich Pier</Notes>
		</StopPoint>
		<StopPoint CreationDateTime="2016-01-19T00:00:00">
			<AtcoCode>9300GNW1</AtcoCode>
			<Descriptor>
				<CommonName>Greenwich Pier</CommonName>
			</Descriptor>
			<Place>
				<NptgLocalityRef>E0034328</NptgLocalityRef>
				<Location Precision="1m">
					<Easting>538362</Easting>
					<Northing>178017</Northing>
				</Location>
			</Place>
			<StopClassification>
				<StopType>FBT</StopType>
				<OffStreet>
					<Ferry>
						<Berth />
					</Ferry>
				</OffStreet>
			</StopClassification>
			<AdministrativeAreaRef>000</AdministrativeAreaRef>
			<Notes>Greenwich Pier</Notes>
		</StopPoint>
		<StopPoint CreationDateTime="2016-01-13T00:00:00">
			<AtcoCode>9300MHT1</AtcoCode>
			<Descriptor>
				<CommonName>Masthouse Terrace Pier</CommonName>
			</Descriptor>
			<Place>
				<NptgLocalityRef>E0034852</NptgLocalityRef>
				<Location Precision="1m">
					<Easting>537421</Easting>
					<Northing>178343</Northing>
				</Location>
			</Place>
			<StopClassification>
				<StopType>FBT</StopType>
				<OffStreet>
					<Ferry>
						<Berth />
					</Ferry>
				</OffStreet>
			</StopClassification>
			<AdministrativeAreaRef>000</AdministrativeAreaRef>
			<Notes>Masthouse Terrace Pier</Notes>
		</StopPoint>
		<StopPoint CreationDateTime="2017-11-30T00:00:00">
			<AtcoCode>9300GLP0</AtcoCode>
			<Descriptor>
				<CommonName>Greenland Surrey Quays Pier</CommonName>
			</Descriptor>
			<Place>
				<NptgLocalityRef>N0077723</NptgLocalityRef>
				<Location Precision="1m">
					<Easting>536729</Easting>
					<Northing>179154</Northing>
				</Location>
			</Place>
			<StopClassification>
				<StopType>FBT</StopType>
				<OffStreet>
					<Ferry>
						<Berth />
					</Ferry>
				</OffStreet>
			</StopClassification>
			<AdministrativeAreaRef>000</AdministrativeAreaRef>
			<Notes>Greenland Surrey Quays Pier</Notes>
		</StopPoint>
		<StopPoint CreationDateTime="2016-04-13T00:00:00">
			<AtcoCode>9300TMP1</AtcoCode>
			<Descriptor>
				<CommonName>Tower Pier</CommonName>
			</Descriptor>
			<Place>
				<NptgLocalityRef>N0077729</NptgLocalityRef>
				<Location Precision="1m">
					<Easting>533461</Easting>
					<Northing>180442</Northing>
				</Location>
			</Place>
			<StopClassification>
				<StopType>FBT</StopType>
				<OffStreet>
					<Ferry>
						<Berth />
					</Ferry>
				</OffStreet>
			</StopClassification>
			<AdministrativeAreaRef>000</AdministrativeAreaRef>
			<Notes>Tower Pier</Notes>
		</StopPoint>
		<StopPoint CreationDateTime="2016-03-21T00:00:00">
			<AtcoCode>9300LBR2</AtcoCode>
			<Descriptor>
				<CommonName>London Bridge City Pier</CommonName>
			</Descriptor>
			<Place>
				<NptgLocalityRef>N0077694</NptgLocalityRef>
				<Location Precision="1m">
					<Easting>533035</Easting>
					<Northing>180404</Northing>
				</Location>
			</Place>
			<StopClassification>
				<StopType>FBT</StopType>
				<OffStreet>
					<Ferry>
						<Berth />
					</Ferry>
				</OffStreet>
			</StopClassification>
			<AdministrativeAreaRef>000</AdministrativeAreaRef>
			<Notes>London Bridge City Pier</Notes>
		</StopPoint>
		<StopPoint CreationDateTime="2016-04-06T00:00:00">
			<AtcoCode>9300SWK1</AtcoCode>
			<Descriptor>
				<CommonName>Bankside Pier</CommonName>
			</Descriptor>
			<Place>
				<NptgLocalityRef>N0060501</NptgLocalityRef>
				<Location Precision="1m">
					<Easting>532195</Easting>
					<Northing>180590</Northing>
				</Location>
			</Place>
			<StopClassification>
				<StopType>FBT</StopType>
				<OffStreet>
					<Ferry>
						<Berth />
					</Ferry>
				</OffStreet>
			</StopClassification>
			<AdministrativeAreaRef>000</AdministrativeAreaRef>
			<Notes>Bankside Pier</Notes>
		</StopPoint>
		<StopPoint CreationDateTime="2017-02-20T00:00:00">
			<AtcoCode>9300BFR1</AtcoCode>
			<Descriptor>
				<CommonName>Blackfriars Pier</CommonName>
			</Descriptor>
			<Place>
				<NptgLocalityRef>N0077631</NptgLocalityRef>
				<Location Precision="1m">
					<Easting>531827</Easting>
					<Northing>180751</Northing>
				</Location>
			</Place>
			<StopClassification>
				<StopType>FBT</StopType>
				<OffStreet>
					<Ferry>
						<Berth />
					</Ferry>
				</OffStreet>
			</StopClassification>
			<AdministrativeAreaRef>000</AdministrativeAreaRef>
			<Notes>Blackfriars Pier</Notes>
		</StopPoint>
		<StopPoint CreationDateTime="2016-03-18T00:00:00">
			<AtcoCode>9300EMB2</AtcoCode>
			<Descriptor>
				<CommonName>Embankment Pier</CommonName>
			</Descriptor>
			<Place>
				<NptgLocalityRef>N0077659</NptgLocalityRef>
				<Location Precision="1m">
					<Easting>530511</Easting>
					<Northing>180376</Northing>
				</Location>
			</Place>
			<StopClassification>
				<StopType>FBT</StopType>
				<OffStreet>
					<Ferry>
						<Berth />
					</Ferry>
				</OffStreet>
			</StopClassification>
			<AdministrativeAreaRef>000</AdministrativeAreaRef>
			<Notes>Embankment Pier</Notes>
		</StopPoint>
		<StopPoint CreationDateTime="2016-04-19T00:00:00">
			<AtcoCode>9300WMR2</AtcoCode>
			<Descriptor>
				<CommonName>Westminster Pier</CommonName>
			</Descriptor>
			<Place>
				<NptgLocalityRef>E0034961</NptgLocalityRef>
				<Location Precision="1m">
					<Easting>530364</Easting>
					<Northing>179768</Northing>
				</Location>
			</Place>
			<StopClassification>
				<StopType>FBT</StopType>
				<OffStreet>
					<Ferry>
						<Berth />
					</Ferry>
				</OffStreet>
			</StopClassification>
			<AdministrativeAreaRef>000</AdministrativeAreaRef>
			<Notes>Westminster Pier</Notes>
		</StopPoint>
		<StopPoint CreationDateTime="2017-12-06T00:00:00">
			<AtcoCode>9300BSP2</AtcoCode>
			<Descriptor>
				<CommonName>Battersea Power Station Pier</CommonName>
			</Descriptor>
			<Place>
				<NptgLocalityRef>E0034886</NptgLocalityRef>
				<Location Precision="1m">
					<Easting>528852</Easting>
					<Northing>177736</Northing>
				</Location>
			</Place>
			<StopClassification>
				<StopType>FBT</StopType>
				<OffStreet>
					<Ferry>
						<Berth />
					</Ferry>
				</OffStreet>
			</StopClassification>
			<AdministrativeAreaRef>000</AdministrativeAreaRef>
			<Notes>Battersea Power Station Pier</Notes>
		</StopPoint>
	</StopPoints>
	<RouteSections>
		<RouteSection id="RS_33-RB1-_-y05-23-I-1">
			<RouteLink id="RL_33-RB1-_-y05-23-I-1-1">
				<From>
					<StopPointRef>9300WMR2</StopPointRef>
				</From>
				<To>
					<StopPointRef>9300WMP1</StopPointRef>
				</To>
				<Distance>305</Distance>
				<Direction>inbound</Direction>
			</RouteLink>
			<RouteLink id="RL_33-RB1-_-y05-23-I-1-2">
				<From>
					<StopPointRef>9300WMP1</StopPointRef>
				</From>
				<To>
					<StopPointRef>9300SWK3</StopPointRef>
				</To>
				<Distance>2290</Distance>
				<Direction>inbound</Direction>
			</RouteLink>
			<RouteLink id="RL_33-RB1-_-y05-23-I-1-3">
				<From>
					<StopPointRef>9300SWK3</StopPointRef>
				</From>
				<To>
					<StopPointRef>9300LBR1</StopPointRef>
				</To>
				<Distance>968</Distance>
				<Direction>inbound</Direction>
			</RouteLink>
			<RouteLink id="RL_33-RB1-_-y05-23-I-1-4">
				<From>
					<StopPointRef>9300LBR1</StopPointRef>
				</From>
				<To>
					<StopPointRef>9300TMP4</StopPointRef>
				</To>
				<Distance>462</Distance>
				<Direction>inbound</Direction>
			</RouteLink>
			<RouteLink id="RL_33-RB1-_-y05-23-I-1-5">
				<From>
					<StopPointRef>9300TMP4</StopPointRef>
				</From>
				<To>
					<StopPointRef>9300CAW1</StopPointRef>
				</To>
				<Distance>3931</Distance>
				<Direction>inbound</Direction>
			</RouteLink>
			<RouteLink id="RL_33-RB1-_-y05-23-I-1-6">
				<From>
					<StopPointRef>9300CAW1</StopPointRef>
				</From>
				<To>
					<StopPointRef>9300GLP1</StopPointRef>
				</To>
				<Distance>1242</Distance>
				<Direction>inbound</Direction>
			</RouteLink>
			<RouteLink id="RL_33-RB1-_-y05-23-I-1-7">
				<From>
					<StopPointRef>9300GLP1</StopPointRef>
				</From>
				<To>
					<StopPointRef>9300MHT2</StopPointRef>
				</To>
				<Distance>1228</Distance>
				<Direction>inbound</Direction>
			</RouteLink>
			<RouteLink id="RL_33-RB1-_-y05-23-I-1-8">
				<From>
					<StopPointRef>9300MHT2</StopPointRef>
				</From>
				<To>
					<StopPointRef>9300GNW2</StopPointRef>
				</To>
				<Distance>1082</Distance>
				<Direction>inbound</Direction>
			</RouteLink>
			<RouteLink id="RL_33-RB1-_-y05-23-I-1-9">
				<From>
					<StopPointRef>9300GNW2</StopPointRef>
				</From>
				<To>
					<StopPointRef>9300MIL2</StopPointRef>
				</To>
				<Distance>3835</Distance>
				<Direction>inbound</Direction>
			</RouteLink>
			<RouteLink id="RL_33-RB1-_-y05-23-I-1-10">
				<From>
					<StopPointRef>9300MIL2</StopPointRef>
				</From>
				<To>
					<StopPointRef>9300WAS1</StopPointRef>
				</To>
				<Distance>4887</Distance>
				<Direction>inbound</Direction>
			</RouteLink>
		</RouteSection>
		<RouteSection id="RS_33-RB1-_-y05-23-I-4">
			<RouteLink id="RL_33-RB1-_-y05-23-I-4-1">
				<From>
					<StopPointRef>9300WMR2</StopPointRef>
				</From>
				<To>
					<StopPointRef>9300WMP1</StopPointRef>
				</To>
				<Distance>305</Distance>
				<Direction>inbound</Direction>
			</RouteLink>
			<RouteLink id="RL_33-RB1-_-y05-23-I-4-2">
				<From>
					<StopPointRef>9300WMP1</StopPointRef>
				</From>
				<To>
					<StopPointRef>9300SWK3</StopPointRef>
				</To>
				<Distance>2290</Distance>
				<Direction>inbound</Direction>
			</RouteLink>
			<RouteLink id="RL_33-RB1-_-y05-23-I-4-3">
				<From>
					<StopPointRef>9300SWK3</StopPointRef>
				</From>
				<To>
					<StopPointRef>9300LBR1</StopPointRef>
				</To>
				<Distance>968</Distance>
				<Direction>inbound</Direction>
			</RouteLink>
			<RouteLink id="RL_33-RB1-_-y05-23-I-4-4">
				<From>
					<StopPointRef>9300LBR1</StopPointRef>
				</From>
				<To>
					<StopPointRef>9300TMP4</StopPointRef>
				</To>
				<Distance>462</Distance>
				<Direction>inbound</Direction>
			</RouteLink>
			<RouteLink id="RL_33-RB1-_-y05-23-I-4-5">
				<From>
					<StopPointRef>9300TMP4</StopPointRef>
				</From>
				<To>
					<StopPointRef>9300CAW1</StopPointRef>
				</To>
				<Distance>3931</Distance>
				<Direction>inbound</Direction>
			</RouteLink>
			<RouteLink id="RL_33-RB1-_-y05-23-I-4-6">
				<From>
					<StopPointRef>9300CAW1</StopPointRef>
				</From>
				<To>
					<StopPointRef>9300GLP1</StopPointRef>
				</To>
				<Distance>1242</Distance>
				<Direction>inbound</Direction>
			</RouteLink>
			<RouteLink id="RL_33-RB1-_-y05-23-I-4-7">
				<From>
					<StopPointRef>9300GLP1</StopPointRef>
				</From>
				<To>
					<StopPointRef>9300MHT2</StopPointRef>
				</To>
				<Distance>1228</Distance>
				<Direction>inbound</Direction>
			</RouteLink>
			<RouteLink id="RL_33-RB1-_-y05-23-I-4-8">
				<From>
					<StopPointRef>9300MHT2</StopPointRef>
				</From>
				<To>
					<StopPointRef>9300GNW2</StopPointRef>
				</To>
				<Distance>1082</Distance>
				<Direction>inbound</Direction>
			</RouteLink>
			<RouteLink id="RL_33-RB1-_-y05-23-I-4-9">
				<From>
					<StopPointRef>9300GNW2</StopPointRef>
				</From>
				<To>
					<StopPointRef>9300MIL2</StopPointRef>
				</To>
				<Distance>3835</Distance>
				<Direction>inbound</Direction>
			</RouteLink>
		</RouteSection>
		<RouteSection id="RS_33-RB1-_-y05-23-O-9">
			<RouteLink id="RL_33-RB1-_-y05-23-O-9-1">
				<From>
					<StopPointRef>9300WAS1</StopPointRef>
				</From>
				<To>
					<StopPointRef>9300MIL1</StopPointRef>
				</To>
				<Distance>4868</Distance>
				<Direction>outbound</Direction>
			</RouteLink>
			<RouteLink id="RL_33-RB1-_-y05-23-O-9-2">
				<From>
					<StopPointRef>9300MIL1</StopPointRef>
				</From>
				<To>
					<StopPointRef>9300GNW1</StopPointRef>
				</To>
				<Distance>3951</Distance>
				<Direction>outbound</Direction>
			</RouteLink>
			<RouteLink id="RL_33-RB1-_-y05-23-O-9-3">
				<From>
					<StopPointRef>9300GNW1</StopPointRef>
				</From>
				<To>
					<StopPointRef>9300MHT1</StopPointRef>
				</To>
				<Distance>1057</Distance>
				<Direction>outbound</Direction>
			</RouteLink>
			<RouteLink id="RL_33-RB1-_-y05-23-O-9-4">
				<From>
					<StopPointRef>9300MHT1</StopPointRef>
				</From>
				<To>
					<StopPointRef>9300GLP0</StopPointRef>
				</To>
				<Distance>1228</Distance>
				<Direction>outbound</Direction>
			</RouteLink>
			<RouteLink id="RL_33-RB1-_-y05-23-O-9-5">
				<From>
					<StopPointRef>9300GLP0</StopPointRef>
				</From>
				<To>
					<StopPointRef>9300CAW1</StopPointRef>
				</To>
				<Distance>1164</Distance>
				<Direction>outbound</Direction>
			</RouteLink>
			<RouteLink id="RL_33-RB1-_-y05-23-O-9-6">
				<From>
					<StopPointRef>9300CAW1</StopPointRef>
				</From>
				<To>
					<StopPointRef>9300TMP1</StopPointRef>
				</To>
				<Distance>3993</Distance>
				<Direction>outbound</Direction>
			</RouteLink>
			<RouteLink id="RL_33-RB1-_-y05-23-O-9-7">
				<From>
					<StopPointRef>9300TMP1</StopPointRef>
				</From>
				<To>
					<StopPointRef>9300LBR2</StopPointRef>
				</To>
				<Distance>439</Distance>
				<Direction>outbound</Direction>
			</RouteLink>
			<RouteLink id="RL_33-RB1-_-y05-23-O-9-8">
				<From>
					<StopPointRef>9300LBR2</StopPointRef>
				</From>
				<To>
					<StopPointRef>9300SWK1</StopPointRef>
				</To>
				<Distance>992</Distance>
				<Direction>outbound</Direction>
			</RouteLink>
			<RouteLink id="RL_33-RB1-_-y05-23-O-9-9">
				<From>
					<StopPointRef>9300SWK1</StopPointRef>
				</From>
				<To>
					<StopPointRef>9300EMB2</StopPointRef>
				</To>
				<Distance>1846</Distance>
				<Direction>outbound</Direction>
			</RouteLink>
			<RouteLink id="RL_33-RB1-_-y05-23-O-9-10">
				<From>
					<StopPointRef>9300EMB2</StopPointRef>
				</From>
				<To>
					<StopPointRef>9300WMR2</StopPointRef>
				</To>
				<Distance>715</Distance>
				<Direction>outbound</Direction>
			</RouteLink>
		</RouteSection>
		<RouteSection id="RS_33-RB1-_-y05-23-O-11">
			<RouteLink id="RL_33-RB1-_-y05-23-O-11-1">
				<From>
					<StopPointRef>9300MIL1</StopPointRef>
				</From>
				<To>
					<StopPointRef>9300GNW1</StopPointRef>
				</To>
				<Distance>3951</Distance>
				<Direction>outbound</Direction>
			</RouteLink>
			<RouteLink id="RL_33-RB1-_-y05-23-O-11-2">
				<From>
					<StopPointRef>9300GNW1</StopPointRef>
				</From>
				<To>
					<StopPointRef>9300MHT1</StopPointRef>
				</To>
				<Distance>1057</Distance>
				<Direction>outbound</Direction>
			</RouteLink>
			<RouteLink id="RL_33-RB1-_-y05-23-O-11-3">
				<From>
					<StopPointRef>9300MHT1</StopPointRef>
				</From>
				<To>
					<StopPointRef>9300GLP0</StopPointRef>
				</To>
				<Distance>1228</Distance>
				<Direction>outbound</Direction>
			</RouteLink>
			<RouteLink id="RL_33-RB1-_-y05-23-O-11-4">
				<From>
					<StopPointRef>9300GLP0</StopPointRef>
				</From>
				<To>
					<StopPointRef>9300CAW1</StopPointRef>
				</To>
				<Distance>1164</Distance>
				<Direction>outbound</Direction>
			</RouteLink>
			<RouteLink id="RL_33-RB1-_-y05-23-O-11-5">
				<From>
					<StopPointRef>9300CAW1</StopPointRef>
				</From>
				<To>
					<StopPointRef>9300TMP1</StopPointRef>
				</To>
				<Distance>3993</Distance>
				<Direction>outbound</Direction>
			</RouteLink>
			<RouteLink id="RL_33-RB1-_-y05-23-O-11-6">
				<From>
					<StopPointRef>9300TMP1</StopPointRef>
				</From>
				<To>
					<StopPointRef>9300LBR2</StopPointRef>
				</To>
				<Distance>439</Distance>
				<Direction>outbound</Direction>
			</RouteLink>
			<RouteLink id="RL_33-RB1-_-y05-23-O-11-7">
				<From>
					<StopPointRef>9300LBR2</StopPointRef>
				</From>
				<To>
					<StopPointRef>9300SWK1</StopPointRef>
				</To>
				<Distance>992</Distance>
				<Direction>outbound</Direction>
			</RouteLink>
			<RouteLink id="RL_33-RB1-_-y05-23-O-11-8">
				<From>
					<StopPointRef>9300SWK1</StopPointRef>
				</From>
				<To>
					<StopPointRef>9300EMB2</StopPointRef>
				</To>
				<Distance>1846</Distance>
				<Direction>outbound</Direction>
			</RouteLink>
			<RouteLink id="RL_33-RB1-_-y05-23-O-11-9">
				<From>
					<StopPointRef>9300EMB2</StopPointRef>
				</From>
				<To>
					<StopPointRef>9300WMR2</StopPointRef>
				</To>
				<Distance>715</Distance>
				<Direction>outbound</Direction>
			</RouteLink>
		</RouteSection>
	</RouteSections>
	<Routes>
		<Route id="R_33-RB1-_-y05-23-I-1">
			<PrivateCode>R_33-RB1-_-y05-23-I-1</PrivateCode>
			<Description>Westminster Pier - Woolwich Royal Arsenal Pier</Description>
			<RouteSectionRef>RS_33-RB1-_-y05-23-I-1</RouteSectionRef>
		</Route>
		<Route id="R_33-RB1-_-y05-23-I-4">
			<PrivateCode>R_33-RB1-_-y05-23-I-4</PrivateCode>
			<Description>Westminster Pier - North Greenwich Pier</Description>
			<RouteSectionRef>RS_33-RB1-_-y05-23-I-4</RouteSectionRef>
		</Route>
		<Route id="R_33-RB1-_-y05-23-O-9">
			<PrivateCode>R_33-RB1-_-y05-23-O-9</PrivateCode>
			<Description>Woolwich Royal Arsenal Pier - Westminster Pier</Description>
			<RouteSectionRef>RS_33-RB1-_-y05-23-O-9</RouteSectionRef>
		</Route>
		<Route id="R_33-RB1-_-y05-23-O-11">
			<PrivateCode>R_33-RB1-_-y05-23-O-11</PrivateCode>
			<Description>North Greenwich Pier - Westminster Pier</Description>
			<RouteSectionRef>RS_33-RB1-_-y05-23-O-11</RouteSectionRef>
		</Route>
	</Routes>
	<JourneyPatternSections>
		<JourneyPatternSection id="JPS_33-RB1-_-y05-23-19-9-O">
			<JourneyPatternTimingLink id="JPL_33-RB1-_-y05-23-19-O-9-2">
				<From SequenceNumber="1">
					<Activity>pickUp</Activity>
					<StopPointRef>9300WAS1</StopPointRef>
					<TimingStatus>PTP</TimingStatus>
				</From>
				<To SequenceNumber="2">
					<Activity>pickUpAndSetDown</Activity>
					<StopPointRef>9300MIL1</StopPointRef>
					<TimingStatus>PTP</TimingStatus>
				</To>
				<RouteLinkRef>RL_33-RB1-_-y05-23-O-9-1</RouteLinkRef>
				<RunTime>PT8M</RunTime>
			</JourneyPatternTimingLink>
			<JourneyPatternTimingLink id="JPL_33-RB1-_-y05-23-19-O-9-3">
				<From SequenceNumber="2">
					<Activity>pickUpAndSetDown</Activity>
					<StopPointRef>9300MIL1</StopPointRef>
					<TimingStatus>PTP</TimingStatus>
				</From>
				<To SequenceNumber="3">
					<Activity>pickUpAndSetDown</Activity>
					<StopPointRef>9300GNW1</StopPointRef>
					<TimingStatus>PTP</TimingStatus>
				</To>
				<RouteLinkRef>RL_33-RB1-_-y05-23-O-9-2</RouteLinkRef>
				<RunTime>PT10M</RunTime>
			</JourneyPatternTimingLink>
			<JourneyPatternTimingLink id="JPL_33-RB1-_-y05-23-19-O-9-4">
				<From SequenceNumber="3">
					<Activity>pickUpAndSetDown</Activity>
					<StopPointRef>9300GNW1</StopPointRef>
					<TimingStatus>PTP</TimingStatus>
				</From>
				<To SequenceNumber="4">
					<Activity>pickUpAndSetDown</Activity>
					<StopPointRef>9300MHT1</StopPointRef>
					<TimingStatus>PTP</TimingStatus>
				</To>
				<RouteLinkRef>RL_33-RB1-_-y05-23-O-9-3</RouteLinkRef>
				<RunTime>PT3M</RunTime>
			</JourneyPatternTimingLink>
			<JourneyPatternTimingLink id="JPL_33-RB1-_-y05-23-19-O-9-5">
				<From SequenceNumber="4">
					<Activity>pickUpAndSetDown</Activity>
					<StopPointRef>9300MHT1</StopPointRef>
					<TimingStatus>PTP</TimingStatus>
				</From>
				<To SequenceNumber="5">
					<Activity>pickUpAndSetDown</Activity>
					<StopPointRef>9300GLP0</StopPointRef>
					<TimingStatus>PTP</TimingStatus>
				</To>
				<RouteLinkRef>RL_33-RB1-_-y05-23-O-9-4</RouteLinkRef>
				<RunTime>PT3M</RunTime>
			</JourneyPatternTimingLink>
			<JourneyPatternTimingLink id="JPL_33-RB1-_-y05-23-19-O-9-6">
				<From SequenceNumber="5">
					<Activity>pickUpAndSetDown</Activity>
					<StopPointRef>9300GLP0</StopPointRef>
					<TimingStatus>PTP</TimingStatus>
				</From>
				<To SequenceNumber="6">
					<Activity>pickUpAndSetDown</Activity>
					<StopPointRef>9300CAW1</StopPointRef>
					<TimingStatus>PTP</TimingStatus>
				</To>
				<RouteLinkRef>RL_33-RB1-_-y05-23-O-9-5</RouteLinkRef>
				<RunTime>PT4M</RunTime>
			</JourneyPatternTimingLink>
			<JourneyPatternTimingLink id="JPL_33-RB1-_-y05-23-19-O-9-7">
				<From SequenceNumber="6">
					<Activity>pickUpAndSetDown</Activity>
					<StopPointRef>9300CAW1</StopPointRef>
					<TimingStatus>PTP</TimingStatus>
				</From>
				<To SequenceNumber="7">
					<Activity>pickUpAndSetDown</Activity>
					<StopPointRef>9300TMP1</StopPointRef>
					<TimingStatus>PTP</TimingStatus>
				</To>
				<RouteLinkRef>RL_33-RB1-_-y05-23-O-9-6</RouteLinkRef>
				<RunTime>PT9M</RunTime>
			</JourneyPatternTimingLink>
			<JourneyPatternTimingLink id="JPL_33-RB1-_-y05-23-19-O-9-8">
				<From SequenceNumber="7">
					<Activity>pickUpAndSetDown</Activity>
					<StopPointRef>9300TMP1</StopPointRef>
					<TimingStatus>PTP</TimingStatus>
				</From>
				<To SequenceNumber="8">
					<Activity>pickUpAndSetDown</Activity>
					<StopPointRef>9300LBR2</StopPointRef>
					<TimingStatus>PTP</TimingStatus>
				</To>
				<RouteLinkRef>RL_33-RB1-_-y05-23-O-9-7</RouteLinkRef>
				<RunTime>PT4M</RunTime>
			</JourneyPatternTimingLink>
			<JourneyPatternTimingLink id="JPL_33-RB1-_-y05-23-19-O-9-9">
				<From SequenceNumber="8">
					<Activity>pickUpAndSetDown</Activity>
					<StopPointRef>9300LBR2</StopPointRef>
					<TimingStatus>PTP</TimingStatus>
				</From>
				<To SequenceNumber="9">
					<Activity>pickUpAndSetDown</Activity>
					<StopPointRef>9300SWK1</StopPointRef>
					<TimingStatus>PTP</TimingStatus>
				</To>
				<RouteLinkRef>RL_33-RB1-_-y05-23-O-9-8</RouteLinkRef>
				<RunTime>PT4M</RunTime>
			</JourneyPatternTimingLink>
			<JourneyPatternTimingLink id="JPL_33-RB1-_-y05-23-19-O-9-10">
				<From SequenceNumber="9">
					<Activity>pickUpAndSetDown</Activity>
					<StopPointRef>9300SWK1</StopPointRef>
					<TimingStatus>PTP</TimingStatus>
				</From>
				<To SequenceNumber="11">
					<Activity>pickUpAndSetDown</Activity>
					<StopPointRef>9300EMB2</StopPointRef>
					<TimingStatus>PTP</TimingStatus>
				</To>
				<RouteLinkRef>RL_33-RB1-_-y05-23-O-9-9</RouteLinkRef>
				<RunTime>PT9M</RunTime>
			</JourneyPatternTimingLink>
			<JourneyPatternTimingLink id="JPL_33-RB1-_-y05-23-19-O-9-11">
				<From SequenceNumber="11">
					<Activity>pickUpAndSetDown</Activity>
					<StopPointRef>9300EMB2</StopPointRef>
					<TimingStatus>PTP</TimingStatus>
				</From>
				<To SequenceNumber="12">
					<Activity>setDown</Activity>
					<StopPointRef>9300WMR2</StopPointRef>
					<TimingStatus>PTP</TimingStatus>
				</To>
				<RouteLinkRef>RL_33-RB1-_-y05-23-O-9-10</RouteLinkRef>
				<RunTime>PT5M</RunTime>
			</JourneyPatternTimingLink>
		</JourneyPatternSection>
		<JourneyPatternSection id="JPS_33-RB1-_-y05-23-22-11-O">
			<JourneyPatternTimingLink id="JPL_33-RB1-_-y05-23-22-O-11-2">
				<From SequenceNumber="2">
					<Activity>pickUp</Activity>
					<StopPointRef>9300MIL1</StopPointRef>
					<TimingStatus>PTP</TimingStatus>
				</From>
				<To SequenceNumber="3">
					<Activity>pickUpAndSetDown</Activity>
					<StopPointRef>9300GNW1</StopPointRef>
					<TimingStatus>PTP</TimingStatus>
				</To>
				<RouteLinkRef>RL_33-RB1-_-y05-23-O-11-1</RouteLinkRef>
				<RunTime>PT10M</RunTime>
			</JourneyPatternTimingLink>
			<JourneyPatternTimingLink id="JPL_33-RB1-_-y05-23-22-O-11-3">
				<From SequenceNumber="3">
					<Activity>pickUpAndSetDown</Activity>
					<StopPointRef>9300GNW1</StopPointRef>
					<TimingStatus>PTP</TimingStatus>
				</From>
				<To SequenceNumber="4">
					<Activity>pickUpAndSetDown</Activity>
					<StopPointRef>9300MHT1</StopPointRef>
					<TimingStatus>PTP</TimingStatus>
				</To>
				<RouteLinkRef>RL_33-RB1-_-y05-23-O-11-2</RouteLinkRef>
				<RunTime>PT3M</RunTime>
			</JourneyPatternTimingLink>
			<JourneyPatternTimingLink id="JPL_33-RB1-_-y05-23-22-O-11-4">
				<From SequenceNumber="4">
					<Activity>pickUpAndSetDown</Activity>
					<StopPointRef>9300MHT1</StopPointRef>
					<TimingStatus>PTP</TimingStatus>
				</From>
				<To SequenceNumber="5">
					<Activity>pickUpAndSetDown</Activity>
					<StopPointRef>9300GLP0</StopPointRef>
					<TimingStatus>PTP</TimingStatus>
				</To>
				<RouteLinkRef>RL_33-RB1-_-y05-23-O-11-3</RouteLinkRef>
				<RunTime>PT3M</RunTime>
			</JourneyPatternTimingLink>
			<JourneyPatternTimingLink id="JPL_33-RB1-_-y05-23-22-O-11-5">
				<From SequenceNumber="5">
					<Activity>pickUpAndSetDown</Activity>
					<StopPointRef>9300GLP0</StopPointRef>
					<TimingStatus>PTP</TimingStatus>
				</From>
				<To SequenceNumber="6">
					<Activity>pickUpAndSetDown</Activity>
					<StopPointRef>9300CAW1</StopPointRef>
					<TimingStatus>PTP</TimingStatus>
				</To>
				<RouteLinkRef>RL_33-RB1-_-y05-23-O-11-4</RouteLinkRef>
				<RunTime>PT4M</RunTime>
			</JourneyPatternTimingLink>
			<JourneyPatternTimingLink id="JPL_33-RB1-_-y05-23-22-O-11-6">
				<From SequenceNumber="6">
					<Activity>pickUpAndSetDown</Activity>
					<StopPointRef>9300CAW1</StopPointRef>
					<TimingStatus>PTP</TimingStatus>
				</From>
				<To SequenceNumber="7">
					<Activity>pickUpAndSetDown</Activity>
					<StopPointRef>9300TMP1</StopPointRef>
					<TimingStatus>PTP</TimingStatus>
				</To>
				<RouteLinkRef>RL_33-RB1-_-y05-23-O-11-5</RouteLinkRef>
				<RunTime>PT9M</RunTime>
			</JourneyPatternTimingLink>
			<JourneyPatternTimingLink id="JPL_33-RB1-_-y05-23-22-O-11-7">
				<From SequenceNumber="7">
					<Activity>pickUpAndSetDown</Activity>
					<StopPointRef>9300TMP1</StopPointRef>
					<TimingStatus>PTP</TimingStatus>
				</From>
				<To SequenceNumber="8">
					<Activity>pickUpAndSetDown</Activity>
					<StopPointRef>9300LBR2</StopPointRef>
					<TimingStatus>PTP</TimingStatus>
				</To>
				<RouteLinkRef>RL_33-RB1-_-y05-23-O-11-6</RouteLinkRef>
				<RunTime>PT4M</RunTime>
			</JourneyPatternTimingLink>
			<JourneyPatternTimingLink id="JPL_33-RB1-_-y05-23-22-O-11-8">
				<From SequenceNumber="8">
					<Activity>pickUpAndSetDown</Activity>
					<StopPointRef>9300LBR2</StopPointRef>
					<TimingStatus>PTP</TimingStatus>
				</From>
				<To SequenceNumber="9">
					<Activity>pickUpAndSetDown</Activity>
					<StopPointRef>9300SWK1</StopPointRef>
					<TimingStatus>PTP</TimingStatus>
				</To>
				<RouteLinkRef>RL_33-RB1-_-y05-23-O-11-7</RouteLinkRef>
				<RunTime>PT4M</RunTime>
			</JourneyPatternTimingLink>
			<JourneyPatternTimingLink id="JPL_33-RB1-_-y05-23-22-O-11-9">
				<From SequenceNumber="9">
					<Activity>pickUpAndSetDown</Activity>
					<StopPointRef>9300SWK1</StopPointRef>
					<TimingStatus>PTP</TimingStatus>
				</From>
				<To SequenceNumber="11">
					<Activity>pickUpAndSetDown</Activity>
					<StopPointRef>9300EMB2</StopPointRef>
					<TimingStatus>PTP</TimingStatus>
				</To>
				<RouteLinkRef>RL_33-RB1-_-y05-23-O-11-8</RouteLinkRef>
				<RunTime>PT7M</RunTime>
			</JourneyPatternTimingLink>
			<JourneyPatternTimingLink id="JPL_33-RB1-_-y05-23-22-O-11-10">
				<From SequenceNumber="11">
					<Activity>pickUpAndSetDown</Activity>
					<StopPointRef>9300EMB2</StopPointRef>
					<TimingStatus>PTP</TimingStatus>
				</From>
				<To SequenceNumber="12">
					<Activity>setDown</Activity>
					<StopPointRef>9300WMR2</StopPointRef>
					<TimingStatus>PTP</TimingStatus>
				</To>
				<RouteLinkRef>RL_33-RB1-_-y05-23-O-11-9</RouteLinkRef>
				<RunTime>PT7M</RunTime>
			</JourneyPatternTimingLink>
		</JourneyPatternSection>
		<JourneyPatternSection id="JPS_33-RB1-_-y05-23-8-4-I">
			<JourneyPatternTimingLink id="JPL_33-RB1-_-y05-23-8-I-4-2">
				<From SequenceNumber="2">
					<Activity>pickUp</Activity>
					<StopPointRef>9300WMR2</StopPointRef>
					<TimingStatus>PTP</TimingStatus>
				</From>
				<To SequenceNumber="3">
					<Activity>pickUpAndSetDown</Activity>
					<StopPointRef>9300WMP1</StopPointRef>
					<TimingStatus>PTP</TimingStatus>
				</To>
				<RouteLinkRef>RL_33-RB1-_-y05-23-I-4-1</RouteLinkRef>
				<RunTime>PT5M</RunTime>
			</JourneyPatternTimingLink>
			<JourneyPatternTimingLink id="JPL_33-RB1-_-y05-23-8-I-4-3">
				<From SequenceNumber="3">
					<Activity>pickUpAndSetDown</Activity>
					<StopPointRef>9300WMP1</StopPointRef>
					<TimingStatus>PTP</TimingStatus>
				</From>
				<To SequenceNumber="4">
					<Activity>pickUpAndSetDown</Activity>
					<StopPointRef>9300SWK3</StopPointRef>
					<TimingStatus>PTP</TimingStatus>
				</To>
				<RouteLinkRef>RL_33-RB1-_-y05-23-I-4-2</RouteLinkRef>
				<RunTime>PT10M</RunTime>
			</JourneyPatternTimingLink>
			<JourneyPatternTimingLink id="JPL_33-RB1-_-y05-23-8-I-4-4">
				<From SequenceNumber="4">
					<Activity>pickUpAndSetDown</Activity>
					<StopPointRef>9300SWK3</StopPointRef>
					<TimingStatus>PTP</TimingStatus>
				</From>
				<To SequenceNumber="5">
					<Activity>pickUpAndSetDown</Activity>
					<StopPointRef>9300LBR1</StopPointRef>
					<TimingStatus>PTP</TimingStatus>
				</To>
				<RouteLinkRef>RL_33-RB1-_-y05-23-I-4-3</RouteLinkRef>
				<RunTime>PT4M</RunTime>
			</JourneyPatternTimingLink>
			<JourneyPatternTimingLink id="JPL_33-RB1-_-y05-23-8-I-4-5">
				<From SequenceNumber="5">
					<Activity>pickUpAndSetDown</Activity>
					<StopPointRef>9300LBR1</StopPointRef>
					<TimingStatus>PTP</TimingStatus>
				</From>
				<To SequenceNumber="6">
					<Activity>pickUpAndSetDown</Activity>
					<StopPointRef>9300TMP4</StopPointRef>
					<TimingStatus>PTP</TimingStatus>
				</To>
				<RouteLinkRef>RL_33-RB1-_-y05-23-I-4-4</RouteLinkRef>
				<RunTime>PT4M</RunTime>
			</JourneyPatternTimingLink>
			<JourneyPatternTimingLink id="JPL_33-RB1-_-y05-23-8-I-4-6">
				<From SequenceNumber="6">
					<Activity>pickUpAndSetDown</Activity>
					<StopPointRef>9300TMP4</StopPointRef>
					<TimingStatus>PTP</TimingStatus>
				</From>
				<To SequenceNumber="7">
					<Activity>pickUpAndSetDown</Activity>
					<StopPointRef>9300CAW1</StopPointRef>
					<TimingStatus>PTP</TimingStatus>
				</To>
				<RouteLinkRef>RL_33-RB1-_-y05-23-I-4-5</RouteLinkRef>
				<RunTime>PT9M</RunTime>
			</JourneyPatternTimingLink>
			<JourneyPatternTimingLink id="JPL_33-RB1-_-y05-23-8-I-4-7">
				<From SequenceNumber="7">
					<Activity>pickUpAndSetDown</Activity>
					<StopPointRef>9300CAW1</StopPointRef>
					<TimingStatus>PTP</TimingStatus>
				</From>
				<To SequenceNumber="8">
					<Activity>pickUpAndSetDown</Activity>
					<StopPointRef>9300GLP1</StopPointRef>
					<TimingStatus>PTP</TimingStatus>
				</To>
				<RouteLinkRef>RL_33-RB1-_-y05-23-I-4-6</RouteLinkRef>
				<RunTime>PT4M</RunTime>
			</JourneyPatternTimingLink>
			<JourneyPatternTimingLink id="JPL_33-RB1-_-y05-23-8-I-4-8">
				<From SequenceNumber="8">
					<Activity>pickUpAndSetDown</Activity>
					<StopPointRef>9300GLP1</StopPointRef>
					<TimingStatus>PTP</TimingStatus>
				</From>
				<To SequenceNumber="9">
					<Activity>pickUpAndSetDown</Activity>
					<StopPointRef>9300MHT2</StopPointRef>
					<TimingStatus>PTP</TimingStatus>
				</To>
				<RouteLinkRef>RL_33-RB1-_-y05-23-I-4-7</RouteLinkRef>
				<RunTime>PT3M</RunTime>
			</JourneyPatternTimingLink>
			<JourneyPatternTimingLink id="JPL_33-RB1-_-y05-23-8-I-4-9">
				<From SequenceNumber="9">
					<Activity>pickUpAndSetDown</Activity>
					<StopPointRef>9300MHT2</StopPointRef>
					<TimingStatus>PTP</TimingStatus>
				</From>
				<To SequenceNumber="10">
					<Activity>pickUpAndSetDown</Activity>
					<StopPointRef>9300GNW2</StopPointRef>
					<TimingStatus>PTP</TimingStatus>
				</To>
				<RouteLinkRef>RL_33-RB1-_-y05-23-I-4-8</RouteLinkRef>
				<RunTime>PT4M</RunTime>
			</JourneyPatternTimingLink>
			<JourneyPatternTimingLink id="JPL_33-RB1-_-y05-23-8-I-4-10">
				<From SequenceNumber="10">
					<Activity>pickUpAndSetDown</Activity>
					<StopPointRef>9300GNW2</StopPointRef>
					<TimingStatus>PTP</TimingStatus>
				</From>
				<To SequenceNumber="11">
					<Activity>setDown</Activity>
					<StopPointRef>9300MIL2</StopPointRef>
					<TimingStatus>PTP</TimingStatus>
				</To>
				<RouteLinkRef>RL_33-RB1-_-y05-23-I-4-9</RouteLinkRef>
				<RunTime>PT10M</RunTime>
			</JourneyPatternTimingLink>
		</JourneyPatternSection>
		<JourneyPatternSection id="JPS_33-RB1-_-y05-23-1-1-I">
			<JourneyPatternTimingLink id="JPL_33-RB1-_-y05-23-1-I-1-2">
				<From SequenceNumber="2">
					<Activity>pickUp</Activity>
					<StopPointRef>9300WMR2</StopPointRef>
					<TimingStatus>PTP</TimingStatus>
				</From>
				<To SequenceNumber="3">
					<Activity>pickUpAndSetDown</Activity>
					<StopPointRef>9300WMP1</StopPointRef>
					<TimingStatus>PTP</TimingStatus>
				</To>
				<RouteLinkRef>RL_33-RB1-_-y05-23-I-1-1</RouteLinkRef>
				<RunTime>PT5M</RunTime>
			</JourneyPatternTimingLink>
			<JourneyPatternTimingLink id="JPL_33-RB1-_-y05-23-1-I-1-3">
				<From SequenceNumber="3">
					<Activity>pickUpAndSetDown</Activity>
					<StopPointRef>9300WMP1</StopPointRef>
					<TimingStatus>PTP</TimingStatus>
				</From>
				<To SequenceNumber="4">
					<Activity>pickUpAndSetDown</Activity>
					<StopPointRef>9300SWK3</StopPointRef>
					<TimingStatus>PTP</TimingStatus>
				</To>
				<RouteLinkRef>RL_33-RB1-_-y05-23-I-1-2</RouteLinkRef>
				<RunTime>PT10M</RunTime>
			</JourneyPatternTimingLink>
			<JourneyPatternTimingLink id="JPL_33-RB1-_-y05-23-1-I-1-4">
				<From SequenceNumber="4">
					<Activity>pickUpAndSetDown</Activity>
					<StopPointRef>9300SWK3</StopPointRef>
					<TimingStatus>PTP</TimingStatus>
				</From>
				<To SequenceNumber="5">
					<Activity>pickUpAndSetDown</Activity>
					<StopPointRef>9300LBR1</StopPointRef>
					<TimingStatus>PTP</TimingStatus>
				</To>
				<RouteLinkRef>RL_33-RB1-_-y05-23-I-1-3</RouteLinkRef>
				<RunTime>PT4M</RunTime>
			</JourneyPatternTimingLink>
			<JourneyPatternTimingLink id="JPL_33-RB1-_-y05-23-1-I-1-5">
				<From SequenceNumber="5">
					<Activity>pickUpAndSetDown</Activity>
					<StopPointRef>9300LBR1</StopPointRef>
					<TimingStatus>PTP</TimingStatus>
				</From>
				<To SequenceNumber="6">
					<Activity>pickUpAndSetDown</Activity>
					<StopPointRef>9300TMP4</StopPointRef>
					<TimingStatus>PTP</TimingStatus>
				</To>
				<RouteLinkRef>RL_33-RB1-_-y05-23-I-1-4</RouteLinkRef>
				<RunTime>PT4M</RunTime>
			</JourneyPatternTimingLink>
			<JourneyPatternTimingLink id="JPL_33-RB1-_-y05-23-1-I-1-6">
				<From SequenceNumber="6">
					<Activity>pickUpAndSetDown</Activity>
					<StopPointRef>9300TMP4</StopPointRef>
					<TimingStatus>PTP</TimingStatus>
				</From>
				<To SequenceNumber="7">
					<Activity>pickUpAndSetDown</Activity>
					<StopPointRef>9300CAW1</StopPointRef>
					<TimingStatus>PTP</TimingStatus>
				</To>
				<RouteLinkRef>RL_33-RB1-_-y05-23-I-1-5</RouteLinkRef>
				<RunTime>PT9M</RunTime>
			</JourneyPatternTimingLink>
			<JourneyPatternTimingLink id="JPL_33-RB1-_-y05-23-1-I-1-7">
				<From SequenceNumber="7">
					<Activity>pickUpAndSetDown</Activity>
					<StopPointRef>9300CAW1</StopPointRef>
					<TimingStatus>PTP</TimingStatus>
				</From>
				<To SequenceNumber="8">
					<Activity>pickUpAndSetDown</Activity>
					<StopPointRef>9300GLP1</StopPointRef>
					<TimingStatus>PTP</TimingStatus>
				</To>
				<RouteLinkRef>RL_33-RB1-_-y05-23-I-1-6</RouteLinkRef>
				<RunTime>PT4M</RunTime>
			</JourneyPatternTimingLink>
			<JourneyPatternTimingLink id="JPL_33-RB1-_-y05-23-1-I-1-8">
				<From SequenceNumber="8">
					<Activity>pickUpAndSetDown</Activity>
					<StopPointRef>9300GLP1</StopPointRef>
					<TimingStatus>PTP</TimingStatus>
				</From>
				<To SequenceNumber="9">
					<Activity>pickUpAndSetDown</Activity>
					<StopPointRef>9300MHT2</StopPointRef>
					<TimingStatus>PTP</TimingStatus>
				</To>
				<RouteLinkRef>RL_33-RB1-_-y05-23-I-1-7</RouteLinkRef>
				<RunTime>PT3M</RunTime>
			</JourneyPatternTimingLink>
			<JourneyPatternTimingLink id="JPL_33-RB1-_-y05-23-1-I-1-9">
				<From SequenceNumber="9">
					<Activity>pickUpAndSetDown</Activity>
					<StopPointRef>9300MHT2</StopPointRef>
					<TimingStatus>PTP</TimingStatus>
				</From>
				<To SequenceNumber="10">
					<Activity>pickUpAndSetDown</Activity>
					<StopPointRef>9300GNW2</StopPointRef>
					<TimingStatus>PTP</TimingStatus>
				</To>
				<RouteLinkRef>RL_33-RB1-_-y05-23-I-1-8</RouteLinkRef>
				<RunTime>PT4M</RunTime>
			</JourneyPatternTimingLink>
			<JourneyPatternTimingLink id="JPL_33-RB1-_-y05-23-1-I-1-10">
				<From SequenceNumber="10">
					<Activity>pickUpAndSetDown</Activity>
					<StopPointRef>9300GNW2</StopPointRef>
					<TimingStatus>PTP</TimingStatus>
				</From>
				<To SequenceNumber="11">
					<Activity>pickUpAndSetDown</Activity>
					<StopPointRef>9300MIL2</StopPointRef>
					<TimingStatus>PTP</TimingStatus>
				</To>
				<RouteLinkRef>RL_33-RB1-_-y05-23-I-1-9</RouteLinkRef>
				<RunTime>PT10M</RunTime>
			</JourneyPatternTimingLink>
			<JourneyPatternTimingLink id="JPL_33-RB1-_-y05-23-1-I-1-11">
				<From SequenceNumber="11">
					<Activity>pickUpAndSetDown</Activity>
					<StopPointRef>9300MIL2</StopPointRef>
					<TimingStatus>PTP</TimingStatus>
				</From>
				<To SequenceNumber="12">
					<Activity>setDown</Activity>
					<StopPointRef>9300WAS1</StopPointRef>
					<TimingStatus>PTP</TimingStatus>
				</To>
				<RouteLinkRef>RL_33-RB1-_-y05-23-I-1-10</RouteLinkRef>
				<RunTime>PT8M</RunTime>
			</JourneyPatternTimingLink>
		</JourneyPatternSection>
	</JourneyPatternSections>
	<Operators>
		<Operator id="OId_CV">
			<OperatorCode>CV</OperatorCode>
			<OperatorShortName>MBNA THAMES CLIPPERS</OperatorShortName>
			<OperatorNameOnLicence>MBNA THAMES CLIPPERS</OperatorNameOnLicence>
			<TradingName>MBNA THAMES CLIPPERS</TradingName>
		</Operator>
	</Operators>
	<Services>
		<Service>
			<ServiceCode>33-RB1-_-y05-23</ServiceCode>
			<PrivateCode>33-RB1-_-y05-23</PrivateCode>
			<Lines>
				<Line id="33-RB1-_-y05-23">
					<LineName>RB1</LineName>
				</Line>
			</Lines>
			<OperatingPeriod>
				<StartDate>2017-12-24</StartDate>
				<EndDate>2017-12-24</EndDate>
			</OperatingPeriod>
			<OperatingProfile>
				<RegularDayType>
					<DaysOfWeek>
						<Weekend />
					</DaysOfWeek>
				</RegularDayType>
				<BankHolidayOperation>
					<DaysOfOperation>
						<AllBankHolidays />
					</DaysOfOperation>
					<DaysOfNonOperation />
				</BankHolidayOperation>
			</OperatingProfile>
			<RegisteredOperatorRef>OId_CV</RegisteredOperatorRef>
			<StopRequirements>
				<NoNewStopsRequired />
			</StopRequirements>
			<Mode>ferry</Mode>
			<Description>Royal Arsenal Woolwich - Canary Wharf - Embankment - Battersea Power Station</Description>
			<StandardService>
				<Origin>Woolwich Royal Arsenal Pier</Origin>
				<Destination>Battersea Power Station Pier</Destination>
				<JourneyPattern id="JP_33-RB1-_-y05-23-19-O-9">
					<Direction>outbound</Direction>
					<Operational>
						<VehicleType>
							<VehicleTypeCode>FW</VehicleTypeCode>
							<Description>Ferry (Wheelchair accessible)</Description>
						</VehicleType>
					</Operational>
					<RouteRef>R_33-RB1-_-y05-23-O-9</RouteRef>
					<JourneyPatternSectionRefs>JPS_33-RB1-_-y05-23-19-9-O</JourneyPatternSectionRefs>
				</JourneyPattern>
				<JourneyPattern id="JP_33-RB1-_-y05-23-22-O-11">
					<Direction>outbound</Direction>
					<Operational>
						<VehicleType>
							<VehicleTypeCode>FW</VehicleTypeCode>
							<Description>Ferry (Wheelchair accessible)</Description>
						</VehicleType>
					</Operational>
					<RouteRef>R_33-RB1-_-y05-23-O-11</RouteRef>
					<JourneyPatternSectionRefs>JPS_33-RB1-_-y05-23-22-11-O</JourneyPatternSectionRefs>
				</JourneyPattern>
				<JourneyPattern id="JP_33-RB1-_-y05-23-8-I-4">
					<Direction>inbound</Direction>
					<Operational>
						<VehicleType>
							<VehicleTypeCode>FW</VehicleTypeCode>
							<Description>Ferry (Wheelchair accessible)</Description>
						</VehicleType>
					</Operational>
					<RouteRef>R_33-RB1-_-y05-23-I-4</RouteRef>
					<JourneyPatternSectionRefs>JPS_33-RB1-_-y05-23-8-4-I</JourneyPatternSectionRefs>
				</JourneyPattern>
				<JourneyPattern id="JP_33-RB1-_-y05-23-1-I-1">
					<Direction>inbound</Direction>
					<Operational>
						<VehicleType>
							<VehicleTypeCode>FW</VehicleTypeCode>
							<Description>Ferry (Wheelchair accessible)</Description>
						</VehicleType>
					</Operational>
					<RouteRef>R_33-RB1-_-y05-23-I-1</RouteRef>
					<JourneyPatternSectionRefs>JPS_33-RB1-_-y05-23-1-1-I</JourneyPatternSectionRefs>
				</JourneyPattern>
			</StandardService>
		</Service>
	</Services>
	<VehicleJourneys>
		<VehicleJourney>
			<PrivateCode>tfl-33-RB1-_-y05-23-1-T4</PrivateCode>
			<Operational>
				<VehicleType>
					<VehicleTypeCode>FW</VehicleTypeCode>
					<Description>Ferry (Wheelchair accessible)</Description>
				</VehicleType>
			</Operational>
			<VehicleJourneyCode>VJ_33-RB1-_-y05-23-1-T4</VehicleJourneyCode>
			<ServiceRef>33-RB1-_-y05-23</ServiceRef>
			<LineRef>33-RB1-_-y05-23</LineRef>
			<JourneyPatternRef>JP_33-RB1-_-y05-23-19-O-9</JourneyPatternRef>
			<DepartureTime>08:37:00</DepartureTime>
		</VehicleJourney>
		<VehicleJourney>
			<PrivateCode>tfl-33-RB1-_-y05-23-2-T4</PrivateCode>
			<Operational>
				<VehicleType>
					<VehicleTypeCode>FW</VehicleTypeCode>
					<Description>Ferry (Wheelchair accessible)</Description>
				</VehicleType>
			</Operational>
			<VehicleJourneyCode>VJ_33-RB1-_-y05-23-2-T4</VehicleJourneyCode>
			<ServiceRef>33-RB1-_-y05-23</ServiceRef>
			<LineRef>33-RB1-_-y05-23</LineRef>
			<JourneyPatternRef>JP_33-RB1-_-y05-23-19-O-9</JourneyPatternRef>
			<DepartureTime>09:22:00</DepartureTime>
		</VehicleJourney>
		<VehicleJourney>
			<PrivateCode>tfl-33-RB1-_-y05-23-3-T4</PrivateCode>
			<Operational>
				<VehicleType>
					<VehicleTypeCode>FW</VehicleTypeCode>
					<Description>Ferry (Wheelchair accessible)</Description>
				</VehicleType>
			</Operational>
			<VehicleJourneyCode>VJ_33-RB1-_-y05-23-3-T4</VehicleJourneyCode>
			<ServiceRef>33-RB1-_-y05-23</ServiceRef>
			<LineRef>33-RB1-_-y05-23</LineRef>
			<JourneyPatternRef>JP_33-RB1-_-y05-23-19-O-9</JourneyPatternRef>
			<DepartureTime>09:52:00</DepartureTime>
		</VehicleJourney>
		<VehicleJourney>
			<PrivateCode>tfl-33-RB1-_-y05-23-4-T4</PrivateCode>
			<Operational>
				<VehicleType>
					<VehicleTypeCode>FW</VehicleTypeCode>
					<Description>Ferry (Wheelchair accessible)</Description>
				</VehicleType>
			</Operational>
			<VehicleJourneyCode>VJ_33-RB1-_-y05-23-4-T4</VehicleJourneyCode>
			<ServiceRef>33-RB1-_-y05-23</ServiceRef>
			<LineRef>33-RB1-_-y05-23</LineRef>
			<JourneyPatternRef>JP_33-RB1-_-y05-23-19-O-9</JourneyPatternRef>
			<DepartureTime>10:22:00</DepartureTime>
		</VehicleJourney>
		<VehicleJourney>
			<PrivateCode>tfl-33-RB1-_-y05-23-5-T4</PrivateCode>
			<Operational>
				<VehicleType>
					<VehicleTypeCode>FW</VehicleTypeCode>
					<Description>Ferry (Wheelchair accessible)</Description>
				</VehicleType>
			</Operational>
			<VehicleJourneyCode>VJ_33-RB1-_-y05-23-5-T4</VehicleJourneyCode>
			<ServiceRef>33-RB1-_-y05-23</ServiceRef>
			<LineRef>33-RB1-_-y05-23</LineRef>
			<JourneyPatternRef>JP_33-RB1-_-y05-23-22-O-11</JourneyPatternRef>
			<DepartureTime>11:00:00</DepartureTime>
		</VehicleJourney>
		<VehicleJourney>
			<PrivateCode>tfl-33-RB1-_-y05-23-6-T4</PrivateCode>
			<Operational>
				<VehicleType>
					<VehicleTypeCode>FW</VehicleTypeCode>
					<Description>Ferry (Wheelchair accessible)</Description>
				</VehicleType>
			</Operational>
			<VehicleJourneyCode>VJ_33-RB1-_-y05-23-6-T4</VehicleJourneyCode>
			<ServiceRef>33-RB1-_-y05-23</ServiceRef>
			<LineRef>33-RB1-_-y05-23</LineRef>
			<JourneyPatternRef>JP_33-RB1-_-y05-23-22-O-11</JourneyPatternRef>
			<DepartureTime>11:30:00</DepartureTime>
		</VehicleJourney>
		<VehicleJourney>
			<PrivateCode>tfl-33-RB1-_-y05-23-7-T4</PrivateCode>
			<Operational>
				<VehicleType>
					<VehicleTypeCode>FW</VehicleTypeCode>
					<Description>Ferry (Wheelchair accessible)</Description>
				</VehicleType>
			</Operational>
			<VehicleJourneyCode>VJ_33-RB1-_-y05-23-7-T4</VehicleJourneyCode>
			<ServiceRef>33-RB1-_-y05-23</ServiceRef>
			<LineRef>33-RB1-_-y05-23</LineRef>
			<JourneyPatternRef>JP_33-RB1-_-y05-23-22-O-11</JourneyPatternRef>
			<DepartureTime>12:00:00</DepartureTime>
		</VehicleJourney>
		<VehicleJourney>
			<PrivateCode>tfl-33-RB1-_-y05-23-8-T4</PrivateCode>
			<Operational>
				<VehicleType>
					<VehicleTypeCode>FW</VehicleTypeCode>
					<Description>Ferry (Wheelchair accessible)</Description>
				</VehicleType>
			</Operational>
			<VehicleJourneyCode>VJ_33-RB1-_-y05-23-8-T4</VehicleJourneyCode>
			<ServiceRef>33-RB1-_-y05-23</ServiceRef>
			<LineRef>33-RB1-_-y05-23</LineRef>
			<JourneyPatternRef>JP_33-RB1-_-y05-23-22-O-11</JourneyPatternRef>
			<DepartureTime>12:30:00</DepartureTime>
		</VehicleJourney>
		<VehicleJourney>
			<PrivateCode>tfl-33-RB1-_-y05-23-9-T4</PrivateCode>
			<Operational>
				<VehicleType>
					<VehicleTypeCode>FW</VehicleTypeCode>
					<Description>Ferry (Wheelchair accessible)</Description>
				</VehicleType>
			</Operational>
			<VehicleJourneyCode>VJ_33-RB1-_-y05-23-9-T4</VehicleJourneyCode>
			<ServiceRef>33-RB1-_-y05-23</ServiceRef>
			<LineRef>33-RB1-_-y05-23</LineRef>
			<JourneyPatternRef>JP_33-RB1-_-y05-23-22-O-11</JourneyPatternRef>
			<DepartureTime>13:00:00</DepartureTime>
		</VehicleJourney>
		<VehicleJourney>
			<PrivateCode>tfl-33-RB1-_-y05-23-10-T4</PrivateCode>
			<Operational>
				<VehicleType>
					<VehicleTypeCode>FW</VehicleTypeCode>
					<Description>Ferry (Wheelchair accessible)</Description>
				</VehicleType>
			</Operational>
			<VehicleJourneyCode>VJ_33-RB1-_-y05-23-10-T4</VehicleJourneyCode>
			<ServiceRef>33-RB1-_-y05-23</ServiceRef>
			<LineRef>33-RB1-_-y05-23</LineRef>
			<JourneyPatternRef>JP_33-RB1-_-y05-23-22-O-11</JourneyPatternRef>
			<DepartureTime>13:30:00</DepartureTime>
		</VehicleJourney>
		<VehicleJourney>
			<PrivateCode>tfl-33-RB1-_-y05-23-11-T4</PrivateCode>
			<Operational>
				<VehicleType>
					<VehicleTypeCode>FW</VehicleTypeCode>
					<Description>Ferry (Wheelchair accessible)</Description>
				</VehicleType>
			</Operational>
			<VehicleJourneyCode>VJ_33-RB1-_-y05-23-11-T4</VehicleJourneyCode>
			<ServiceRef>33-RB1-_-y05-23</ServiceRef>
			<LineRef>33-RB1-_-y05-23</LineRef>
			<JourneyPatternRef>JP_33-RB1-_-y05-23-22-O-11</JourneyPatternRef>
			<DepartureTime>14:00:00</DepartureTime>
		</VehicleJourney>
		<VehicleJourney>
			<PrivateCode>tfl-33-RB1-_-y05-23-12-T4</PrivateCode>
			<Operational>
				<VehicleType>
					<VehicleTypeCode>FW</VehicleTypeCode>
					<Description>Ferry (Wheelchair accessible)</Description>
				</VehicleType>
			</Operational>
			<VehicleJourneyCode>VJ_33-RB1-_-y05-23-12-T4</VehicleJourneyCode>
			<ServiceRef>33-RB1-_-y05-23</ServiceRef>
			<LineRef>33-RB1-_-y05-23</LineRef>
			<JourneyPatternRef>JP_33-RB1-_-y05-23-22-O-11</JourneyPatternRef>
			<DepartureTime>14:30:00</DepartureTime>
		</VehicleJourney>
		<VehicleJourney>
			<PrivateCode>tfl-33-RB1-_-y05-23-13-T4</PrivateCode>
			<Operational>
				<VehicleType>
					<VehicleTypeCode>FW</VehicleTypeCode>
					<Description>Ferry (Wheelchair accessible)</Description>
				</VehicleType>
			</Operational>
			<VehicleJourneyCode>VJ_33-RB1-_-y05-23-13-T4</VehicleJourneyCode>
			<ServiceRef>33-RB1-_-y05-23</ServiceRef>
			<LineRef>33-RB1-_-y05-23</LineRef>
			<JourneyPatternRef>JP_33-RB1-_-y05-23-22-O-11</JourneyPatternRef>
			<DepartureTime>15:00:00</DepartureTime>
		</VehicleJourney>
		<VehicleJourney>
			<PrivateCode>tfl-33-RB1-_-y05-23-14-T4</PrivateCode>
			<Operational>
				<VehicleType>
					<VehicleTypeCode>FW</VehicleTypeCode>
					<Description>Ferry (Wheelchair accessible)</Description>
				</VehicleType>
			</Operational>
			<VehicleJourneyCode>VJ_33-RB1-_-y05-23-14-T4</VehicleJourneyCode>
			<ServiceRef>33-RB1-_-y05-23</ServiceRef>
			<LineRef>33-RB1-_-y05-23</LineRef>
			<JourneyPatternRef>JP_33-RB1-_-y05-23-22-O-11</JourneyPatternRef>
			<DepartureTime>15:30:00</DepartureTime>
		</VehicleJourney>
		<VehicleJourney>
			<PrivateCode>tfl-33-RB1-_-y05-23-15-T4</PrivateCode>
			<Operational>
				<VehicleType>
					<VehicleTypeCode>FW</VehicleTypeCode>
					<Description>Ferry (Wheelchair accessible)</Description>
				</VehicleType>
			</Operational>
			<VehicleJourneyCode>VJ_33-RB1-_-y05-23-15-T4</VehicleJourneyCode>
			<ServiceRef>33-RB1-_-y05-23</ServiceRef>
			<LineRef>33-RB1-_-y05-23</LineRef>
			<JourneyPatternRef>JP_33-RB1-_-y05-23-22-O-11</JourneyPatternRef>
			<DepartureTime>15:45:00</DepartureTime>
		</VehicleJourney>
		<VehicleJourney>
			<PrivateCode>tfl-33-RB1-_-y05-23-16-T4</PrivateCode>
			<Operational>
				<VehicleType>
					<VehicleTypeCode>FW</VehicleTypeCode>
					<Description>Ferry (Wheelchair accessible)</Description>
				</VehicleType>
			</Operational>
			<VehicleJourneyCode>VJ_33-RB1-_-y05-23-16-T4</VehicleJourneyCode>
			<ServiceRef>33-RB1-_-y05-23</ServiceRef>
			<LineRef>33-RB1-_-y05-23</LineRef>
			<JourneyPatternRef>JP_33-RB1-_-y05-23-22-O-11</JourneyPatternRef>
			<DepartureTime>16:15:00</DepartureTime>
		</VehicleJourney>
		<VehicleJourney>
			<PrivateCode>tfl-33-RB1-_-y05-23-17-T4</PrivateCode>
			<Operational>
				<VehicleType>
					<VehicleTypeCode>FW</VehicleTypeCode>
					<Description>Ferry (Wheelchair accessible)</Description>
				</VehicleType>
			</Operational>
			<VehicleJourneyCode>VJ_33-RB1-_-y05-23-17-T4</VehicleJourneyCode>
			<ServiceRef>33-RB1-_-y05-23</ServiceRef>
			<LineRef>33-RB1-_-y05-23</LineRef>
			<JourneyPatternRef>JP_33-RB1-_-y05-23-22-O-11</JourneyPatternRef>
			<DepartureTime>16:45:00</DepartureTime>
		</VehicleJourney>
		<VehicleJourney>
			<PrivateCode>tfl-33-RB1-_-y05-23-18-T4</PrivateCode>
			<Operational>
				<VehicleType>
					<VehicleTypeCode>FW</VehicleTypeCode>
					<Description>Ferry (Wheelchair accessible)</Description>
				</VehicleType>
			</Operational>
			<VehicleJourneyCode>VJ_33-RB1-_-y05-23-18-T4</VehicleJourneyCode>
			<ServiceRef>33-RB1-_-y05-23</ServiceRef>
			<LineRef>33-RB1-_-y05-23</LineRef>
			<JourneyPatternRef>JP_33-RB1-_-y05-23-22-O-11</JourneyPatternRef>
			<DepartureTime>17:15:00</DepartureTime>
		</VehicleJourney>
		<VehicleJourney>
			<PrivateCode>tfl-33-RB1-_-y05-23-19-T4</PrivateCode>
			<Operational>
				<VehicleType>
					<VehicleTypeCode>FW</VehicleTypeCode>
					<Description>Ferry (Wheelchair accessible)</Description>
				</VehicleType>
			</Operational>
			<VehicleJourneyCode>VJ_33-RB1-_-y05-23-19-T4</VehicleJourneyCode>
			<ServiceRef>33-RB1-_-y05-23</ServiceRef>
			<LineRef>33-RB1-_-y05-23</LineRef>
			<JourneyPatternRef>JP_33-RB1-_-y05-23-22-O-11</JourneyPatternRef>
			<DepartureTime>17:45:00</DepartureTime>
		</VehicleJourney>
		<VehicleJourney>
			<PrivateCode>tfl-33-RB1-_-y05-23-20-T4</PrivateCode>
			<Operational>
				<VehicleType>
					<VehicleTypeCode>FW</VehicleTypeCode>
					<Description>Ferry (Wheelchair accessible)</Description>
				</VehicleType>
			</Operational>
			<VehicleJourneyCode>VJ_33-RB1-_-y05-23-20-T4</VehicleJourneyCode>
			<ServiceRef>33-RB1-_-y05-23</ServiceRef>
			<LineRef>33-RB1-_-y05-23</LineRef>
			<JourneyPatternRef>JP_33-RB1-_-y05-23-22-O-11</JourneyPatternRef>
			<DepartureTime>18:15:00</DepartureTime>
		</VehicleJourney>
		<VehicleJourney>
			<PrivateCode>tfl-33-RB1-_-y05-23-21-T4</PrivateCode>
			<Operational>
				<VehicleType>
					<VehicleTypeCode>FW</VehicleTypeCode>
					<Description>Ferry (Wheelchair accessible)</Description>
				</VehicleType>
			</Operational>
			<VehicleJourneyCode>VJ_33-RB1-_-y05-23-21-T4</VehicleJourneyCode>
			<ServiceRef>33-RB1-_-y05-23</ServiceRef>
			<LineRef>33-RB1-_-y05-23</LineRef>
			<JourneyPatternRef>JP_33-RB1-_-y05-23-22-O-11</JourneyPatternRef>
			<DepartureTime>18:45:00</DepartureTime>
		</VehicleJourney>
		<VehicleJourney>
			<PrivateCode>tfl-33-RB1-_-y05-23-22-T4</PrivateCode>
			<Operational>
				<VehicleType>
					<VehicleTypeCode>FW</VehicleTypeCode>
					<Description>Ferry (Wheelchair accessible)</Description>
				</VehicleType>
			</Operational>
			<VehicleJourneyCode>VJ_33-RB1-_-y05-23-22-T4</VehicleJourneyCode>
			<ServiceRef>33-RB1-_-y05-23</ServiceRef>
			<LineRef>33-RB1-_-y05-23</LineRef>
			<JourneyPatternRef>JP_33-RB1-_-y05-23-22-O-11</JourneyPatternRef>
			<DepartureTime>19:15:00</DepartureTime>
		</VehicleJourney>
		<VehicleJourney>
			<PrivateCode>tfl-33-RB1-_-y05-23-23-T4</PrivateCode>
			<Operational>
				<VehicleType>
					<VehicleTypeCode>FW</VehicleTypeCode>
					<Description>Ferry (Wheelchair accessible)</Description>
				</VehicleType>
			</Operational>
			<VehicleJourneyCode>VJ_33-RB1-_-y05-23-23-T4</VehicleJourneyCode>
			<ServiceRef>33-RB1-_-y05-23</ServiceRef>
			<LineRef>33-RB1-_-y05-23</LineRef>
			<JourneyPatternRef>JP_33-RB1-_-y05-23-22-O-11</JourneyPatternRef>
			<DepartureTime>19:45:00</DepartureTime>
		</VehicleJourney>
		<VehicleJourney>
			<PrivateCode>tfl-33-RB1-_-y05-23-28-T4</PrivateCode>
			<Operational>
				<VehicleType>
					<VehicleTypeCode>FW</VehicleTypeCode>
					<Description>Ferry (Wheelchair accessible)</Description>
				</VehicleType>
			</Operational>
			<VehicleJourneyCode>VJ_33-RB1-_-y05-23-28-T4</VehicleJourneyCode>
			<ServiceRef>33-RB1-_-y05-23</ServiceRef>
			<LineRef>33-RB1-_-y05-23</LineRef>
			<JourneyPatternRef>JP_33-RB1-_-y05-23-19-O-9</JourneyPatternRef>
			<DepartureTime>19:52:00</DepartureTime>
		</VehicleJourney>
		<VehicleJourney>
			<PrivateCode>tfl-33-RB1-_-y05-23-30-T4</PrivateCode>
			<Operational>
				<VehicleType>
					<VehicleTypeCode>FW</VehicleTypeCode>
					<Description>Ferry (Wheelchair accessible)</Description>
				</VehicleType>
			</Operational>
			<VehicleJourneyCode>VJ_33-RB1-_-y05-23-30-T4</VehicleJourneyCode>
			<ServiceRef>33-RB1-_-y05-23</ServiceRef>
			<LineRef>33-RB1-_-y05-23</LineRef>
			<JourneyPatternRef>JP_33-RB1-_-y05-23-8-I-4</JourneyPatternRef>
			<DepartureTime>10:04:00</DepartureTime>
		</VehicleJourney>
		<VehicleJourney>
			<PrivateCode>tfl-33-RB1-_-y05-23-31-T4</PrivateCode>
			<Operational>
				<VehicleType>
					<VehicleTypeCode>FW</VehicleTypeCode>
					<Description>Ferry (Wheelchair accessible)</Description>
				</VehicleType>
			</Operational>
			<VehicleJourneyCode>VJ_33-RB1-_-y05-23-31-T4</VehicleJourneyCode>
			<ServiceRef>33-RB1-_-y05-23</ServiceRef>
			<LineRef>33-RB1-_-y05-23</LineRef>
			<JourneyPatternRef>JP_33-RB1-_-y05-23-8-I-4</JourneyPatternRef>
			<DepartureTime>10:34:00</DepartureTime>
		</VehicleJourney>
		<VehicleJourney>
			<PrivateCode>tfl-33-RB1-_-y05-23-32-T4</PrivateCode>
			<Operational>
				<VehicleType>
					<VehicleTypeCode>FW</VehicleTypeCode>
					<Description>Ferry (Wheelchair accessible)</Description>
				</VehicleType>
			</Operational>
			<VehicleJourneyCode>VJ_33-RB1-_-y05-23-32-T4</VehicleJourneyCode>
			<ServiceRef>33-RB1-_-y05-23</ServiceRef>
			<LineRef>33-RB1-_-y05-23</LineRef>
			<JourneyPatternRef>JP_33-RB1-_-y05-23-8-I-4</JourneyPatternRef>
			<DepartureTime>11:04:00</DepartureTime>
		</VehicleJourney>
		<VehicleJourney>
			<PrivateCode>tfl-33-RB1-_-y05-23-33-T4</PrivateCode>
			<Operational>
				<VehicleType>
					<VehicleTypeCode>FW</VehicleTypeCode>
					<Description>Ferry (Wheelchair accessible)</Description>
				</VehicleType>
			</Operational>
			<VehicleJourneyCode>VJ_33-RB1-_-y05-23-33-T4</VehicleJourneyCode>
			<ServiceRef>33-RB1-_-y05-23</ServiceRef>
			<LineRef>33-RB1-_-y05-23</LineRef>
			<JourneyPatternRef>JP_33-RB1-_-y05-23-8-I-4</JourneyPatternRef>
			<DepartureTime>11:34:00</DepartureTime>
		</VehicleJourney>
		<VehicleJourney>
			<PrivateCode>tfl-33-RB1-_-y05-23-34-T4</PrivateCode>
			<Operational>
				<VehicleType>
					<VehicleTypeCode>FW</VehicleTypeCode>
					<Description>Ferry (Wheelchair accessible)</Description>
				</VehicleType>
			</Operational>
			<VehicleJourneyCode>VJ_33-RB1-_-y05-23-34-T4</VehicleJourneyCode>
			<ServiceRef>33-RB1-_-y05-23</ServiceRef>
			<LineRef>33-RB1-_-y05-23</LineRef>
			<JourneyPatternRef>JP_33-RB1-_-y05-23-8-I-4</JourneyPatternRef>
			<DepartureTime>12:04:00</DepartureTime>
		</VehicleJourney>
		<VehicleJourney>
			<PrivateCode>tfl-33-RB1-_-y05-23-35-T4</PrivateCode>
			<Operational>
				<VehicleType>
					<VehicleTypeCode>FW</VehicleTypeCode>
					<Description>Ferry (Wheelchair accessible)</Description>
				</VehicleType>
			</Operational>
			<VehicleJourneyCode>VJ_33-RB1-_-y05-23-35-T4</VehicleJourneyCode>
			<ServiceRef>33-RB1-_-y05-23</ServiceRef>
			<LineRef>33-RB1-_-y05-23</LineRef>
			<JourneyPatternRef>JP_33-RB1-_-y05-23-8-I-4</JourneyPatternRef>
			<DepartureTime>12:34:00</DepartureTime>
		</VehicleJourney>
		<VehicleJourney>
			<PrivateCode>tfl-33-RB1-_-y05-23-36-T4</PrivateCode>
			<Operational>
				<VehicleType>
					<VehicleTypeCode>FW</VehicleTypeCode>
					<Description>Ferry (Wheelchair accessible)</Description>
				</VehicleType>
			</Operational>
			<VehicleJourneyCode>VJ_33-RB1-_-y05-23-36-T4</VehicleJourneyCode>
			<ServiceRef>33-RB1-_-y05-23</ServiceRef>
			<LineRef>33-RB1-_-y05-23</LineRef>
			<JourneyPatternRef>JP_33-RB1-_-y05-23-8-I-4</JourneyPatternRef>
			<DepartureTime>13:04:00</DepartureTime>
		</VehicleJourney>
		<VehicleJourney>
			<PrivateCode>tfl-33-RB1-_-y05-23-37-T4</PrivateCode>
			<Operational>
				<VehicleType>
					<VehicleTypeCode>FW</VehicleTypeCode>
					<Description>Ferry (Wheelchair accessible)</Description>
				</VehicleType>
			</Operational>
			<VehicleJourneyCode>VJ_33-RB1-_-y05-23-37-T4</VehicleJourneyCode>
			<ServiceRef>33-RB1-_-y05-23</ServiceRef>
			<LineRef>33-RB1-_-y05-23</LineRef>
			<JourneyPatternRef>JP_33-RB1-_-y05-23-8-I-4</JourneyPatternRef>
			<DepartureTime>13:34:00</DepartureTime>
		</VehicleJourney>
		<VehicleJourney>
			<PrivateCode>tfl-33-RB1-_-y05-23-38-T4</PrivateCode>
			<Operational>
				<VehicleType>
					<VehicleTypeCode>FW</VehicleTypeCode>
					<Description>Ferry (Wheelchair accessible)</Description>
				</VehicleType>
			</Operational>
			<VehicleJourneyCode>VJ_33-RB1-_-y05-23-38-T4</VehicleJourneyCode>
			<ServiceRef>33-RB1-_-y05-23</ServiceRef>
			<LineRef>33-RB1-_-y05-23</LineRef>
			<JourneyPatternRef>JP_33-RB1-_-y05-23-8-I-4</JourneyPatternRef>
			<DepartureTime>14:04:00</DepartureTime>
		</VehicleJourney>
		<VehicleJourney>
			<PrivateCode>tfl-33-RB1-_-y05-23-39-T4</PrivateCode>
			<Operational>
				<VehicleType>
					<VehicleTypeCode>FW</VehicleTypeCode>
					<Description>Ferry (Wheelchair accessible)</Description>
				</VehicleType>
			</Operational>
			<VehicleJourneyCode>VJ_33-RB1-_-y05-23-39-T4</VehicleJourneyCode>
			<ServiceRef>33-RB1-_-y05-23</ServiceRef>
			<LineRef>33-RB1-_-y05-23</LineRef>
			<JourneyPatternRef>JP_33-RB1-_-y05-23-8-I-4</JourneyPatternRef>
			<DepartureTime>14:34:00</DepartureTime>
		</VehicleJourney>
		<VehicleJourney>
			<PrivateCode>tfl-33-RB1-_-y05-23-40-T4</PrivateCode>
			<Operational>
				<VehicleType>
					<VehicleTypeCode>FW</VehicleTypeCode>
					<Description>Ferry (Wheelchair accessible)</Description>
				</VehicleType>
			</Operational>
			<VehicleJourneyCode>VJ_33-RB1-_-y05-23-40-T4</VehicleJourneyCode>
			<ServiceRef>33-RB1-_-y05-23</ServiceRef>
			<LineRef>33-RB1-_-y05-23</LineRef>
			<JourneyPatternRef>JP_33-RB1-_-y05-23-8-I-4</JourneyPatternRef>
			<DepartureTime>15:04:00</DepartureTime>
		</VehicleJourney>
		<VehicleJourney>
			<PrivateCode>tfl-33-RB1-_-y05-23-41-T4</PrivateCode>
			<Operational>
				<VehicleType>
					<VehicleTypeCode>FW</VehicleTypeCode>
					<Description>Ferry (Wheelchair accessible)</Description>
				</VehicleType>
			</Operational>
			<VehicleJourneyCode>VJ_33-RB1-_-y05-23-41-T4</VehicleJourneyCode>
			<ServiceRef>33-RB1-_-y05-23</ServiceRef>
			<LineRef>33-RB1-_-y05-23</LineRef>
			<JourneyPatternRef>JP_33-RB1-_-y05-23-8-I-4</JourneyPatternRef>
			<DepartureTime>15:34:00</DepartureTime>
		</VehicleJourney>
		<VehicleJourney>
			<PrivateCode>tfl-33-RB1-_-y05-23-42-T4</PrivateCode>
			<Operational>
				<VehicleType>
					<VehicleTypeCode>FW</VehicleTypeCode>
					<Description>Ferry (Wheelchair accessible)</Description>
				</VehicleType>
			</Operational>
			<VehicleJourneyCode>VJ_33-RB1-_-y05-23-42-T4</VehicleJourneyCode>
			<ServiceRef>33-RB1-_-y05-23</ServiceRef>
			<LineRef>33-RB1-_-y05-23</LineRef>
			<JourneyPatternRef>JP_33-RB1-_-y05-23-8-I-4</JourneyPatternRef>
			<DepartureTime>16:04:00</DepartureTime>
		</VehicleJourney>
		<VehicleJourney>
			<PrivateCode>tfl-33-RB1-_-y05-23-43-T4</PrivateCode>
			<Operational>
				<VehicleType>
					<VehicleTypeCode>FW</VehicleTypeCode>
					<Description>Ferry (Wheelchair accessible)</Description>
				</VehicleType>
			</Operational>
			<VehicleJourneyCode>VJ_33-RB1-_-y05-23-43-T4</VehicleJourneyCode>
			<ServiceRef>33-RB1-_-y05-23</ServiceRef>
			<LineRef>33-RB1-_-y05-23</LineRef>
			<JourneyPatternRef>JP_33-RB1-_-y05-23-1-I-1</JourneyPatternRef>
			<DepartureTime>16:40:00</DepartureTime>
		</VehicleJourney>
		<VehicleJourney>
			<PrivateCode>tfl-33-RB1-_-y05-23-44-T4</PrivateCode>
			<Operational>
				<VehicleType>
					<VehicleTypeCode>FW</VehicleTypeCode>
					<Description>Ferry (Wheelchair accessible)</Description>
				</VehicleType>
			</Operational>
			<VehicleJourneyCode>VJ_33-RB1-_-y05-23-44-T4</VehicleJourneyCode>
			<ServiceRef>33-RB1-_-y05-23</ServiceRef>
			<LineRef>33-RB1-_-y05-23</LineRef>
			<JourneyPatternRef>JP_33-RB1-_-y05-23-1-I-1</JourneyPatternRef>
			<DepartureTime>17:10:00</DepartureTime>
		</VehicleJourney>
		<VehicleJourney>
			<PrivateCode>tfl-33-RB1-_-y05-23-45-T4</PrivateCode>
			<Operational>
				<VehicleType>
					<VehicleTypeCode>FW</VehicleTypeCode>
					<Description>Ferry (Wheelchair accessible)</Description>
				</VehicleType>
			</Operational>
			<VehicleJourneyCode>VJ_33-RB1-_-y05-23-45-T4</VehicleJourneyCode>
			<ServiceRef>33-RB1-_-y05-23</ServiceRef>
			<LineRef>33-RB1-_-y05-23</LineRef>
			<JourneyPatternRef>JP_33-RB1-_-y05-23-1-I-1</JourneyPatternRef>
			<DepartureTime>17:40:00</DepartureTime>
		</VehicleJourney>
		<VehicleJourney>
			<PrivateCode>tfl-33-RB1-_-y05-23-46-T4</PrivateCode>
			<Operational>
				<VehicleType>
					<VehicleTypeCode>FW</VehicleTypeCode>
					<Description>Ferry (Wheelchair accessible)</Description>
				</VehicleType>
			</Operational>
			<VehicleJourneyCode>VJ_33-RB1-_-y05-23-46-T4</VehicleJourneyCode>
			<ServiceRef>33-RB1-_-y05-23</ServiceRef>
			<LineRef>33-RB1-_-y05-23</LineRef>
			<JourneyPatternRef>JP_33-RB1-_-y05-23-1-I-1</JourneyPatternRef>
			<DepartureTime>18:10:00</DepartureTime>
		</VehicleJourney>
		<VehicleJourney>
			<PrivateCode>tfl-33-RB1-_-y05-23-47-T4</PrivateCode>
			<Operational>
				<VehicleType>
					<VehicleTypeCode>FW</VehicleTypeCode>
					<Description>Ferry (Wheelchair accessible)</Description>
				</VehicleType>
			</Operational>
			<VehicleJourneyCode>VJ_33-RB1-_-y05-23-47-T4</VehicleJourneyCode>
			<ServiceRef>33-RB1-_-y05-23</ServiceRef>
			<LineRef>33-RB1-_-y05-23</LineRef>
			<JourneyPatternRef>JP_33-RB1-_-y05-23-1-I-1</JourneyPatternRef>
			<DepartureTime>18:40:00</DepartureTime>
		</VehicleJourney>
		<VehicleJourney>
			<PrivateCode>tfl-33-RB1-_-y05-23-48-T4</PrivateCode>
			<Operational>
				<VehicleType>
					<VehicleTypeCode>FW</VehicleTypeCode>
					<Description>Ferry (Wheelchair accessible)</Description>
				</VehicleType>
			</Operational>
			<VehicleJourneyCode>VJ_33-RB1-_-y05-23-48-T4</VehicleJourneyCode>
			<ServiceRef>33-RB1-_-y05-23</ServiceRef>
			<LineRef>33-RB1-_-y05-23</LineRef>
			<JourneyPatternRef>JP_33-RB1-_-y05-23-1-I-1</JourneyPatternRef>
			<DepartureTime>19:10:00</DepartureTime>
		</VehicleJourney>
		<VehicleJourney>
			<PrivateCode>tfl-33-RB1-_-y05-23-49-T4</PrivateCode>
			<Operational>
				<VehicleType>
					<VehicleTypeCode>FW</VehicleTypeCode>
					<Description>Ferry (Wheelchair accessible)</Description>
				</VehicleType>
			</Operational>
			<VehicleJourneyCode>VJ_33-RB1-_-y05-23-49-T4</VehicleJourneyCode>
			<ServiceRef>33-RB1-_-y05-23</ServiceRef>
			<LineRef>33-RB1-_-y05-23</LineRef>
			<JourneyPatternRef>JP_33-RB1-_-y05-23-8-I-4</JourneyPatternRef>
			<DepartureTime>19:40:00</DepartureTime>
		</VehicleJourney>
		<VehicleJourney>
			<PrivateCode>tfl-33-RB1-_-y05-23-50-T4</PrivateCode>
			<Operational>
				<VehicleType>
					<VehicleTypeCode>FW</VehicleTypeCode>
					<Description>Ferry (Wheelchair accessible)</Description>
				</VehicleType>
			</Operational>
			<VehicleJourneyCode>VJ_33-RB1-_-y05-23-50-T4</VehicleJourneyCode>
			<ServiceRef>33-RB1-_-y05-23</ServiceRef>
			<LineRef>33-RB1-_-y05-23</LineRef>
			<JourneyPatternRef>JP_33-RB1-_-y05-23-1-I-1</JourneyPatternRef>
			<DepartureTime>20:10:00</DepartureTime>
		</VehicleJourney>
		<VehicleJourney>
			<PrivateCode>tfl-33-RB1-_-y05-23-51-T4</PrivateCode>
			<Operational>
				<VehicleType>
					<VehicleTypeCode>FW</VehicleTypeCode>
					<Description>Ferry (Wheelchair accessible)</Description>
				</VehicleType>
			</Operational>
			<VehicleJourneyCode>VJ_33-RB1-_-y05-23-51-T4</VehicleJourneyCode>
			<ServiceRef>33-RB1-_-y05-23</ServiceRef>
			<LineRef>33-RB1-_-y05-23</LineRef>
			<JourneyPatternRef>JP_33-RB1-_-y05-23-1-I-1</JourneyPatternRef>
			<DepartureTime>20:40:00</DepartureTime>
		</VehicleJourney>
		<VehicleJourney>
			<PrivateCode>tfl-33-RB1-_-y05-23-52-T4</PrivateCode>
			<Operational>
				<VehicleType>
					<VehicleTypeCode>FW</VehicleTypeCode>
					<Description>Ferry (Wheelchair accessible)</Description>
				</VehicleType>
			</Operational>
			<VehicleJourneyCode>VJ_33-RB1-_-y05-23-52-T4</VehicleJourneyCode>
			<ServiceRef>33-RB1-_-y05-23</ServiceRef>
			<LineRef>33-RB1-_-y05-23</LineRef>
			<JourneyPatternRef>JP_33-RB1-_-y05-23-1-I-1</JourneyPatternRef>
			<DepartureTime>20:55:00</DepartureTime>
		</VehicleJourney>
	</VehicleJourneys>
</TransXChange>