<?xml version="1.0" encoding="Windows-1252"?>
<TransXChange CreationDateTime="2017-12-11T17:17:45.9021424Z" ModificationDateTime="2017-12-11T17:17:45.9021424Z" Modification="new" FileName="tfl_33-RB1-X-y05-6.xml" RevisionNumber="3" SchemaVersion="2.1" xml:lang="en" xsi:schemaLocation="http://www.transxchange.org.uk/ http://www.transxchange.org.uk/schema/2.1/TransXChange_general.xsd" xmlns:xsi="http://www.w3.org/2001/XMLSchema-instance" xmlns="http://www.transxchange.org.uk/">
	<NptgLocalities>
		<AnnotatedNptgLocalityRef>
			<NptgLocalityRef>E0034961</NptgLocalityRef>
			<LocalityName>Westminster</LocalityName>
		</AnnotatedNptgLocalityRef>
		<AnnotatedNptgLocalityRef>
			<NptgLocalityRef>E0034649</NptgLocalityRef>
			<LocalityName>Waterloo (London)</LocalityName>
		</AnnotatedNptgLocalityRef>
		<AnnotatedNptgLocalityRef>
			<NptgLocalityRef>N0060501</NptgLocalityRef>
			<LocalityName>Southwark</LocalityName>
		</AnnotatedNptgLocalityRef>
		<AnnotatedNptgLocalityRef>
			<NptgLocalityRef>N0077694</NptgLocalityRef>
			<LocalityName>London Bridge</LocalityName>
		</AnnotatedNptgLocalityRef>
		<AnnotatedNptgLocalityRef>
			<NptgLocalityRef>N0077729</NptgLocalityRef>
			<LocalityName>Tower Hill (London)</LocalityName>
		</AnnotatedNptgLocalityRef>
		<AnnotatedNptgLocalityRef>
			<NptgLocalityRef>N0077638</NptgLocalityRef>
			<LocalityName>Canary Wharf</LocalityName>
		</AnnotatedNptgLocalityRef>
		<AnnotatedNptgLocalityRef>
			<NptgLocalityRef>N0077723</NptgLocalityRef>
			<LocalityName>Surrey Quays</LocalityName>
		</AnnotatedNptgLocalityRef>
		<AnnotatedNptgLocalityRef>
			<NptgLocalityRef>E0034852</NptgLocalityRef>
			<LocalityName>Millwall</LocalityName>
		</AnnotatedNptgLocalityRef>
		<AnnotatedNptgLocalityRef>
			<NptgLocalityRef>E0034328</NptgLocalityRef>
			<LocalityName>Greenwich (London)</LocalityName>
		</AnnotatedNptgLocalityRef>
		<AnnotatedNptgLocalityRef>
			<NptgLocalityRef>N0077702</NptgLocalityRef>
			<LocalityName>North Greenwich</LocalityName>
		</AnnotatedNptgLocalityRef>
		<AnnotatedNptgLocalityRef>
			<NptgLocalityRef>E0034338</NptgLocalityRef>
			<LocalityName>Woolwich</LocalityName>
		</AnnotatedNptgLocalityRef>
		<AnnotatedNptgLocalityRef>
			<NptgLocalityRef>N0077659</NptgLocalityRef>
			<LocalityName>Embankment</LocalityName>
		</AnnotatedNptgLocalityRef>
	</NptgLocalities>
	<StopPoints>
		<StopPoint CreationDateTime="2016-04-19T00:00:00">
			<AtcoCode>9300WMR4</AtcoCode>
			<Descriptor>
				<CommonName>Westminster Pier</CommonName>
			</Descriptor>
			<Place>
				<NptgLocalityRef>E0034961</NptgLocalityRef>
				<Location Precision="1m">
					<Easting>530371</Easting>
					<Northing>179795</Northing>
				</Location>
			</Place>
			<StopClassification>
				<StopType>FBT</StopType>
				<OffStreet>
					<Ferry>
						<Berth />
					</Ferry>
				</OffStreet>
			</StopClassification>
			<AdministrativeAreaRef>000</AdministrativeAreaRef>
			<Notes>Westminster Pier</Notes>
		</StopPoint>
		<StopPoint CreationDateTime="2017-11-30T00:00:00">
			<AtcoCode>9300WMP1</AtcoCode>
			<Descriptor>
				<CommonName>London Eye Waterloo Pier</CommonName>
			</Descriptor>
			<Place>
				<NptgLocalityRef>E0034649</NptgLocalityRef>
				<Location Precision="1m">
					<Easting>530546</Easting>
					<Northing>179947</Northing>
				</Location>
			</Place>
			<StopClassification>
				<StopType>FBT</StopType>
				<OffStreet>
					<Ferry>
						<Berth />
					</Ferry>
				</OffStreet>
			</StopClassification>
			<AdministrativeAreaRef>000</AdministrativeAreaRef>
			<Notes>London Eye Waterloo Pier</Notes>
		</StopPoint>
		<StopPoint CreationDateTime="2016-04-06T00:00:00">
			<AtcoCode>9300SWK3</AtcoCode>
			<Descriptor>
				<CommonName>Bankside Pier</CommonName>
			</Descriptor>
			<Place>
				<NptgLocalityRef>N0060501</NptgLocalityRef>
				<Location Precision="1m">
					<Easting>532199</Easting>
					<Northing>180589</Northing>
				</Location>
			</Place>
			<StopClassification>
				<StopType>FBT</StopType>
				<OffStreet>
					<Ferry>
						<Berth />
					</Ferry>
				</OffStreet>
			</StopClassification>
			<AdministrativeAreaRef>000</AdministrativeAreaRef>
			<Notes>Bankside Pier</Notes>
		</StopPoint>
		<StopPoint CreationDateTime="2016-01-27T00:00:00">
			<AtcoCode>9300LBR1</AtcoCode>
			<Descriptor>
				<CommonName>London Bridge City Pier</CommonName>
			</Descriptor>
			<Place>
				<NptgLocalityRef>N0077694</NptgLocalityRef>
				<Location Precision="1m">
					<Easting>533012</Easting>
					<Northing>180407</Northing>
				</Location>
			</Place>
			<StopClassification>
				<StopType>FBT</StopType>
				<OffStreet>
					<Ferry>
						<Berth />
					</Ferry>
				</OffStreet>
			</StopClassification>
			<AdministrativeAreaRef>000</AdministrativeAreaRef>
			<Notes>London Bridge City Pier</Notes>
		</StopPoint>
		<StopPoint CreationDateTime="2016-04-13T00:00:00">
			<AtcoCode>9300TMP3</AtcoCode>
			<Descriptor>
				<CommonName>Tower Pier</CommonName>
			</Descriptor>
			<Place>
				<NptgLocalityRef>N0077729</NptgLocalityRef>
				<Location Precision="1m">
					<Easting>533460</Easting>
					<Northing>180443</Northing>
				</Location>
			</Place>
			<StopClassification>
				<StopType>FBT</StopType>
				<OffStreet>
					<Ferry>
						<Berth />
					</Ferry>
				</OffStreet>
			</StopClassification>
			<AdministrativeAreaRef>000</AdministrativeAreaRef>
			<Notes>Tower Pier</Notes>
		</StopPoint>
		<StopPoint CreationDateTime="2016-03-18T00:00:00">
			<AtcoCode>9300CAW1</AtcoCode>
			<Descriptor>
				<CommonName>Canary Wharf Pier</CommonName>
			</Descriptor>
			<Place>
				<NptgLocalityRef>N0077638</NptgLocalityRef>
				<Location Precision="1m">
					<Easting>536883</Easting>
					<Northing>180319</Northing>
				</Location>
			</Place>
			<StopClassification>
				<StopType>FBT</StopType>
				<OffStreet>
					<Ferry>
						<Berth />
					</Ferry>
				</OffStreet>
			</StopClassification>
			<AdministrativeAreaRef>000</AdministrativeAreaRef>
			<Notes>Canary Wharf Pier</Notes>
		</StopPoint>
		<StopPoint CreationDateTime="2017-11-30T00:00:00">
			<AtcoCode>9300GLP1</AtcoCode>
			<Descriptor>
				<CommonName>Greenland Surrey Quays Pier</CommonName>
			</Descriptor>
			<Place>
				<NptgLocalityRef>N0077723</NptgLocalityRef>
				<Location Precision="1m">
					<Easting>536729</Easting>
					<Northing>179154</Northing>
				</Location>
			</Place>
			<StopClassification>
				<StopType>FBT</StopType>
				<OffStreet>
					<Ferry>
						<Berth />
					</Ferry>
				</OffStreet>
			</StopClassification>
			<AdministrativeAreaRef>000</AdministrativeAreaRef>
			<Notes>Greenland Surrey Quays Pier</Notes>
		</StopPoint>
		<StopPoint CreationDateTime="2016-01-13T00:00:00">
			<AtcoCode>9300MHT2</AtcoCode>
			<Descriptor>
				<CommonName>Masthouse Terrace Pier</CommonName>
			</Descriptor>
			<Place>
				<NptgLocalityRef>E0034852</NptgLocalityRef>
				<Location Precision="1m">
					<Easting>537421</Easting>
					<Northing>178343</Northing>
				</Location>
			</Place>
			<StopClassification>
				<StopType>FBT</StopType>
				<OffStreet>
					<Ferry>
						<Berth />
					</Ferry>
				</OffStreet>
			</StopClassification>
			<AdministrativeAreaRef>000</AdministrativeAreaRef>
			<Notes>Masthouse Terrace Pier</Notes>
		</StopPoint>
		<StopPoint CreationDateTime="2016-01-19T00:00:00">
			<AtcoCode>9300GNW2</AtcoCode>
			<Descriptor>
				<CommonName>Greenwich Pier</CommonName>
			</Descriptor>
			<Place>
				<NptgLocalityRef>E0034328</NptgLocalityRef>
				<Location Precision="1m">
					<Easting>538355</Easting>
					<Northing>178017</Northing>
				</Location>
			</Place>
			<StopClassification>
				<StopType>FBT</StopType>
				<OffStreet>
					<Ferry>
						<Berth />
					</Ferry>
				</OffStreet>
			</StopClassification>
			<AdministrativeAreaRef>000</AdministrativeAreaRef>
			<Notes>Greenwich Pier</Notes>
		</StopPoint>
		<StopPoint CreationDateTime="2016-02-16T00:00:00">
			<AtcoCode>9300MIL2</AtcoCode>
			<Descriptor>
				<CommonName>North Greenwich Pier</CommonName>
			</Descriptor>
			<Place>
				<NptgLocalityRef>N0077702</NptgLocalityRef>
				<Location Precision="1m">
					<Easting>539550</Easting>
					<Northing>180055</Northing>
				</Location>
			</Place>
			<StopClassification>
				<StopType>FBT</StopType>
				<OffStreet>
					<Ferry>
						<Berth />
					</Ferry>
				</OffStreet>
			</StopClassification>
			<AdministrativeAreaRef>000</AdministrativeAreaRef>
			<Notes>North Greenwich Pier</Notes>
		</StopPoint>
		<StopPoint CreationDateTime="2017-09-04T00:00:00">
			<AtcoCode>9300WAS1</AtcoCode>
			<Descriptor>
				<CommonName>Woolwich Royal Arsenal Pier</CommonName>
			</Descriptor>
			<Place>
				<NptgLocalityRef>E0034338</NptgLocalityRef>
				<Location Precision="1m">
					<Easting>543918</Easting>
					<Northing>179506</Northing>
				</Location>
			</Place>
			<StopClassification>
				<StopType>FBT</StopType>
				<OffStreet>
					<Ferry>
						<Berth />
					</Ferry>
				</OffStreet>
			</StopClassification>
			<AdministrativeAreaRef>000</AdministrativeAreaRef>
			<Notes>Woolwich Royal Arsenal Pier</Notes>
		</StopPoint>
		<StopPoint CreationDateTime="2016-02-16T00:00:00">
			<AtcoCode>9300MIL1</AtcoCode>
			<Descriptor>
				<CommonName>North Greenwich Pier</CommonName>
			</Descriptor>
			<Place>
				<NptgLocalityRef>N0077702</NptgLocalityRef>
				<Location Precision="1m">
					<Easting>539551</Easting>
					<Northing>180056</Northing>
				</Location>
			</Place>
			<StopClassification>
				<StopType>FBT</StopType>
				<OffStreet>
					<Ferry>
						<Berth />
					</Ferry>
				</OffStreet>
			</StopClassification>
			<AdministrativeAreaRef>000</AdministrativeAreaRef>
			<Notes>North Greenwich Pier</Notes>
		</StopPoint>
		<StopPoint CreationDateTime="2016-01-19T00:00:00">
			<AtcoCode>9300GNW1</AtcoCode>
			<Descriptor>
				<CommonName>Greenwich Pier</CommonName>
			</Descriptor>
			<Place>
				<NptgLocalityRef>E0034328</NptgLocalityRef>
				<Location Precision="1m">
					<Easting>538362</Easting>
					<Northing>178017</Northing>
				</Location>
			</Place>
			<StopClassification>
				<StopType>FBT</StopType>
				<OffStreet>
					<Ferry>
						<Berth />
					</Ferry>
				</OffStreet>
			</StopClassification>
			<AdministrativeAreaRef>000</AdministrativeAreaRef>
			<Notes>Greenwich Pier</Notes>
		</StopPoint>
		<StopPoint CreationDateTime="2016-03-21T00:00:00">
			<AtcoCode>9300LBR2</AtcoCode>
			<Descriptor>
				<CommonName>London Bridge City Pier</CommonName>
			</Descriptor>
			<Place>
				<NptgLocalityRef>N0077694</NptgLocalityRef>
				<Location Precision="1m">
					<Easting>533035</Easting>
					<Northing>180404</Northing>
				</Location>
			</Place>
			<StopClassification>
				<StopType>FBT</StopType>
				<OffStreet>
					<Ferry>
						<Berth />
					</Ferry>
				</OffStreet>
			</StopClassification>
			<AdministrativeAreaRef>000</AdministrativeAreaRef>
			<Notes>London Bridge City Pier</Notes>
		</StopPoint>
		<StopPoint CreationDateTime="2016-03-18T00:00:00">
			<AtcoCode>9300EMB1</AtcoCode>
			<Descriptor>
				<CommonName>Embankment Pier</CommonName>
			</Descriptor>
			<Place>
				<NptgLocalityRef>N0077659</NptgLocalityRef>
				<Location Precision="1m">
					<Easting>530475</Easting>
					<Northing>180341</Northing>
				</Location>
			</Place>
			<StopClassification>
				<StopType>FBT</StopType>
				<OffStreet>
					<Ferry>
						<Berth />
					</Ferry>
				</OffStreet>
			</StopClassification>
			<AdministrativeAreaRef>000</AdministrativeAreaRef>
			<Notes>Embankment Pier</Notes>
		</StopPoint>
		<StopPoint CreationDateTime="2016-01-13T00:00:00">
			<AtcoCode>9300MHT1</AtcoCode>
			<Descriptor>
				<CommonName>Masthouse Terrace Pier</CommonName>
			</Descriptor>
			<Place>
				<NptgLocalityRef>E0034852</NptgLocalityRef>
				<Location Precision="1m">
					<Easting>537421</Easting>
					<Northing>178343</Northing>
				</Location>
			</Place>
			<StopClassification>
				<StopType>FBT</StopType>
				<OffStreet>
					<Ferry>
						<Berth />
					</Ferry>
				</OffStreet>
			</StopClassification>
			<AdministrativeAreaRef>000</AdministrativeAreaRef>
			<Notes>Masthouse Terrace Pier</Notes>
		</StopPoint>
		<StopPoint CreationDateTime="2017-11-30T00:00:00">
			<AtcoCode>9300GLP0</AtcoCode>
			<Descriptor>
				<CommonName>Greenland Surrey Quays Pier</CommonName>
			</Descriptor>
			<Place>
				<NptgLocalityRef>N0077723</NptgLocalityRef>
				<Location Precision="1m">
					<Easting>536729</Easting>
					<Northing>179154</Northing>
				</Location>
			</Place>
			<StopClassification>
				<StopType>FBT</StopType>
				<OffStreet>
					<Ferry>
						<Berth />
					</Ferry>
				</OffStreet>
			</StopClassification>
			<AdministrativeAreaRef>000</AdministrativeAreaRef>
			<Notes>Greenland Surrey Quays Pier</Notes>
		</StopPoint>
		<StopPoint CreationDateTime="2016-04-06T00:00:00">
			<AtcoCode>9300SWK1</AtcoCode>
			<Descriptor>
				<CommonName>Bankside Pier</CommonName>
			</Descriptor>
			<Place>
				<NptgLocalityRef>N0060501</NptgLocalityRef>
				<Location Precision="1m">
					<Easting>532195</Easting>
					<Northing>180590</Northing>
				</Location>
			</Place>
			<StopClassification>
				<StopType>FBT</StopType>
				<OffStreet>
					<Ferry>
						<Berth />
					</Ferry>
				</OffStreet>
			</StopClassification>
			<AdministrativeAreaRef>000</AdministrativeAreaRef>
			<Notes>Bankside Pier</Notes>
		</StopPoint>
	</StopPoints>
	<RouteSections>
		<RouteSection id="RS_33-RB1-X-y05-6-I-2">
			<RouteLink id="RL_33-RB1-X-y05-6-I-2-1">
				<From>
					<StopPointRef>9300WMR4</StopPointRef>
				</From>
				<To>
					<StopPointRef>9300WMP1</StopPointRef>
				</To>
				<Distance>280</Distance>
				<Direction>inbound</Direction>
			</RouteLink>
			<RouteLink id="RL_33-RB1-X-y05-6-I-2-2">
				<From>
					<StopPointRef>9300WMP1</StopPointRef>
				</From>
				<To>
					<StopPointRef>9300LBR1</StopPointRef>
				</To>
				<Distance>3182</Distance>
				<Direction>inbound</Direction>
			</RouteLink>
			<RouteLink id="RL_33-RB1-X-y05-6-I-2-3">
				<From>
					<StopPointRef>9300LBR1</StopPointRef>
				</From>
				<To>
					<StopPointRef>9300TMP3</StopPointRef>
				</To>
				<Distance>461</Distance>
				<Direction>inbound</Direction>
			</RouteLink>
			<RouteLink id="RL_33-RB1-X-y05-6-I-2-4">
				<From>
					<StopPointRef>9300TMP3</StopPointRef>
				</From>
				<To>
					<StopPointRef>9300GNW2</StopPointRef>
				</To>
				<Distance>7140</Distance>
				<Direction>inbound</Direction>
			</RouteLink>
			<RouteLink id="RL_33-RB1-X-y05-6-I-2-5">
				<From>
					<StopPointRef>9300GNW2</StopPointRef>
				</From>
				<To>
					<StopPointRef>9300MIL2</StopPointRef>
				</To>
				<Distance>3835</Distance>
				<Direction>inbound</Direction>
			</RouteLink>
		</RouteSection>
		<RouteSection id="RS_33-RB1-X-y05-6-I-4">
			<RouteLink id="RL_33-RB1-X-y05-6-I-4-1">
				<From>
					<StopPointRef>9300WMR4</StopPointRef>
				</From>
				<To>
					<StopPointRef>9300WMP1</StopPointRef>
				</To>
				<Distance>280</Distance>
				<Direction>inbound</Direction>
			</RouteLink>
			<RouteLink id="RL_33-RB1-X-y05-6-I-4-2">
				<From>
					<StopPointRef>9300WMP1</StopPointRef>
				</From>
				<To>
					<StopPointRef>9300LBR1</StopPointRef>
				</To>
				<Distance>3182</Distance>
				<Direction>inbound</Direction>
			</RouteLink>
			<RouteLink id="RL_33-RB1-X-y05-6-I-4-3">
				<From>
					<StopPointRef>9300LBR1</StopPointRef>
				</From>
				<To>
					<StopPointRef>9300TMP3</StopPointRef>
				</To>
				<Distance>461</Distance>
				<Direction>inbound</Direction>
			</RouteLink>
			<RouteLink id="RL_33-RB1-X-y05-6-I-4-4">
				<From>
					<StopPointRef>9300TMP3</StopPointRef>
				</From>
				<To>
					<StopPointRef>9300GNW2</StopPointRef>
				</To>
				<Distance>7140</Distance>
				<Direction>inbound</Direction>
			</RouteLink>
			<RouteLink id="RL_33-RB1-X-y05-6-I-4-5">
				<From>
					<StopPointRef>9300GNW2</StopPointRef>
				</From>
				<To>
					<StopPointRef>9300MIL2</StopPointRef>
				</To>
				<Distance>3835</Distance>
				<Direction>inbound</Direction>
			</RouteLink>
			<RouteLink id="RL_33-RB1-X-y05-6-I-4-6">
				<From>
					<StopPointRef>9300MIL2</StopPointRef>
				</From>
				<To>
					<StopPointRef>9300WAS1</StopPointRef>
				</To>
				<Distance>4887</Distance>
				<Direction>inbound</Direction>
			</RouteLink>
		</RouteSection>
		<RouteSection id="RS_33-RB1-X-y05-6-O-5">
			<RouteLink id="RL_33-RB1-X-y05-6-O-5-1">
				<From>
					<StopPointRef>9300WAS1</StopPointRef>
				</From>
				<To>
					<StopPointRef>9300MIL1</StopPointRef>
				</To>
				<Distance>4868</Distance>
				<Direction>outbound</Direction>
			</RouteLink>
			<RouteLink id="RL_33-RB1-X-y05-6-O-5-2">
				<From>
					<StopPointRef>9300MIL1</StopPointRef>
				</From>
				<To>
					<StopPointRef>9300GNW1</StopPointRef>
				</To>
				<Distance>3951</Distance>
				<Direction>outbound</Direction>
			</RouteLink>
			<RouteLink id="RL_33-RB1-X-y05-6-O-5-3">
				<From>
					<StopPointRef>9300GNW1</StopPointRef>
				</From>
				<To>
					<StopPointRef>9300TMP3</StopPointRef>
				</To>
				<Distance>7144</Distance>
				<Direction>outbound</Direction>
			</RouteLink>
			<RouteLink id="RL_33-RB1-X-y05-6-O-5-4">
				<From>
					<StopPointRef>9300TMP3</StopPointRef>
				</From>
				<To>
					<StopPointRef>9300LBR2</StopPointRef>
				</To>
				<Distance>438</Distance>
				<Direction>outbound</Direction>
			</RouteLink>
			<RouteLink id="RL_33-RB1-X-y05-6-O-5-5">
				<From>
					<StopPointRef>9300LBR2</StopPointRef>
				</From>
				<To>
					<StopPointRef>9300EMB1</StopPointRef>
				</To>
				<Distance>3058</Distance>
				<Direction>outbound</Direction>
			</RouteLink>
			<RouteLink id="RL_33-RB1-X-y05-6-O-5-6">
				<From>
					<StopPointRef>9300EMB1</StopPointRef>
				</From>
				<To>
					<StopPointRef>9300WMR4</StopPointRef>
				</To>
				<Distance>608</Distance>
				<Direction>outbound</Direction>
			</RouteLink>
		</RouteSection>
		<RouteSection id="RS_33-RB1-X-y05-6-O-6">
			<RouteLink id="RL_33-RB1-X-y05-6-O-6-1">
				<From>
					<StopPointRef>9300MIL1</StopPointRef>
				</From>
				<To>
					<StopPointRef>9300GNW1</StopPointRef>
				</To>
				<Distance>3951</Distance>
				<Direction>outbound</Direction>
			</RouteLink>
			<RouteLink id="RL_33-RB1-X-y05-6-O-6-2">
				<From>
					<StopPointRef>9300GNW1</StopPointRef>
				</From>
				<To>
					<StopPointRef>9300TMP3</StopPointRef>
				</To>
				<Distance>7144</Distance>
				<Direction>outbound</Direction>
			</RouteLink>
			<RouteLink id="RL_33-RB1-X-y05-6-O-6-3">
				<From>
					<StopPointRef>9300TMP3</StopPointRef>
				</From>
				<To>
					<StopPointRef>9300LBR2</StopPointRef>
				</To>
				<Distance>438</Distance>
				<Direction>outbound</Direction>
			</RouteLink>
			<RouteLink id="RL_33-RB1-X-y05-6-O-6-4">
				<From>
					<StopPointRef>9300LBR2</StopPointRef>
				</From>
				<To>
					<StopPointRef>9300EMB1</StopPointRef>
				</To>
				<Distance>3058</Distance>
				<Direction>outbound</Direction>
			</RouteLink>
			<RouteLink id="RL_33-RB1-X-y05-6-O-6-5">
				<From>
					<StopPointRef>9300EMB1</StopPointRef>
				</From>
				<To>
					<StopPointRef>9300WMR4</StopPointRef>
				</To>
				<Distance>608</Distance>
				<Direction>outbound</Direction>
			</RouteLink>
		</RouteSection>
	</RouteSections>
	<Routes>
		<Route id="R_33-RB1-X-y05-6-I-2">
			<PrivateCode>R_33-RB1-X-y05-6-I-2</PrivateCode>
			<Description>Westminster Pier - North Greenwich Pier</Description>
			<RouteSectionRef>RS_33-RB1-X-y05-6-I-2</RouteSectionRef>
		</Route>
		<Route id="R_33-RB1-X-y05-6-I-4">
			<PrivateCode>R_33-RB1-X-y05-6-I-4</PrivateCode>
			<Description>Westminster Pier - Woolwich Royal Arsenal Pier</Description>
			<RouteSectionRef>RS_33-RB1-X-y05-6-I-4</RouteSectionRef>
		</Route>
		<Route id="R_33-RB1-X-y05-6-O-5">
			<PrivateCode>R_33-RB1-X-y05-6-O-5</PrivateCode>
			<Description>Woolwich Royal Arsenal Pier - Westminster Pier</Description>
			<RouteSectionRef>RS_33-RB1-X-y05-6-O-5</RouteSectionRef>
		</Route>
		<Route id="R_33-RB1-X-y05-6-O-6">
			<PrivateCode>R_33-RB1-X-y05-6-O-6</PrivateCode>
			<Description>North Greenwich Pier - Westminster Pier</Description>
			<RouteSectionRef>RS_33-RB1-X-y05-6-O-6</RouteSectionRef>
		</Route>
	</Routes>
	<JourneyPatternSections>
		<JourneyPatternSection id="JPS_33-RB1-X-y05-6-2-2-I">
			<JourneyPatternTimingLink id="JPL_33-RB1-X-y05-6-2-I-2-2">
				<From SequenceNumber="1">
					<Activity>pickUp</Activity>
					<StopPointRef>9300WMR4</StopPointRef>
					<TimingStatus>PTP</TimingStatus>
				</From>
				<To SequenceNumber="2">
					<Activity>pickUpAndSetDown</Activity>
					<StopPointRef>9300WMP1</StopPointRef>
					<TimingStatus>PTP</TimingStatus>
				</To>
				<RouteLinkRef>RL_33-RB1-X-y05-6-I-2-1</RouteLinkRef>
				<RunTime>PT5M</RunTime>
			</JourneyPatternTimingLink>
			<JourneyPatternTimingLink id="JPL_33-RB1-X-y05-6-2-I-2-3">
				<From SequenceNumber="2">
					<Activity>pickUpAndSetDown</Activity>
					<StopPointRef>9300WMP1</StopPointRef>
					<TimingStatus>PTP</TimingStatus>
				</From>
				<To SequenceNumber="4">
					<Activity>pickUpAndSetDown</Activity>
					<StopPointRef>9300LBR1</StopPointRef>
					<TimingStatus>PTP</TimingStatus>
				</To>
				<RouteLinkRef>RL_33-RB1-X-y05-6-I-2-2</RouteLinkRef>
				<RunTime>PT11M</RunTime>
			</JourneyPatternTimingLink>
			<JourneyPatternTimingLink id="JPL_33-RB1-X-y05-6-2-I-2-4">
				<From SequenceNumber="4">
					<Activity>pickUpAndSetDown</Activity>
					<StopPointRef>9300LBR1</StopPointRef>
					<TimingStatus>PTP</TimingStatus>
				</From>
				<To SequenceNumber="5">
					<Activity>pickUpAndSetDown</Activity>
					<StopPointRef>9300TMP3</StopPointRef>
					<TimingStatus>PTP</TimingStatus>
				</To>
				<RouteLinkRef>RL_33-RB1-X-y05-6-I-2-3</RouteLinkRef>
				<RunTime>PT4M</RunTime>
			</JourneyPatternTimingLink>
			<JourneyPatternTimingLink id="JPL_33-RB1-X-y05-6-2-I-2-5">
				<From SequenceNumber="5">
					<Activity>pickUpAndSetDown</Activity>
					<StopPointRef>9300TMP3</StopPointRef>
					<TimingStatus>PTP</TimingStatus>
				</From>
				<To SequenceNumber="9">
					<Activity>pickUpAndSetDown</Activity>
					<StopPointRef>9300GNW2</StopPointRef>
					<TimingStatus>PTP</TimingStatus>
				</To>
				<RouteLinkRef>RL_33-RB1-X-y05-6-I-2-4</RouteLinkRef>
				<RunTime>PT15M</RunTime>
			</JourneyPatternTimingLink>
			<JourneyPatternTimingLink id="JPL_33-RB1-X-y05-6-2-I-2-6">
				<From SequenceNumber="9">
					<Activity>pickUpAndSetDown</Activity>
					<StopPointRef>9300GNW2</StopPointRef>
					<TimingStatus>PTP</TimingStatus>
				</From>
				<To SequenceNumber="10">
					<Activity>setDown</Activity>
					<StopPointRef>9300MIL2</StopPointRef>
					<TimingStatus>PTP</TimingStatus>
				</To>
				<RouteLinkRef>RL_33-RB1-X-y05-6-I-2-5</RouteLinkRef>
				<RunTime>PT8M</RunTime>
			</JourneyPatternTimingLink>
		</JourneyPatternSection>
		<JourneyPatternSection id="JPS_33-RB1-X-y05-6-3-2-I">
			<JourneyPatternTimingLink id="JPL_33-RB1-X-y05-6-3-I-2-2">
				<From SequenceNumber="1">
					<Activity>pickUp</Activity>
					<StopPointRef>9300WMR4</StopPointRef>
					<TimingStatus>PTP</TimingStatus>
				</From>
				<To SequenceNumber="2">
					<Activity>pickUpAndSetDown</Activity>
					<StopPointRef>9300WMP1</StopPointRef>
					<TimingStatus>PTP</TimingStatus>
				</To>
				<RouteLinkRef>RL_33-RB1-X-y05-6-I-2-1</RouteLinkRef>
				<RunTime>PT5M</RunTime>
			</JourneyPatternTimingLink>
			<JourneyPatternTimingLink id="JPL_33-RB1-X-y05-6-3-I-2-3">
				<From SequenceNumber="2">
					<Activity>pickUpAndSetDown</Activity>
					<StopPointRef>9300WMP1</StopPointRef>
					<TimingStatus>PTP</TimingStatus>
				</From>
				<To SequenceNumber="4">
					<Activity>pickUpAndSetDown</Activity>
					<StopPointRef>9300LBR1</StopPointRef>
					<TimingStatus>PTP</TimingStatus>
				</To>
				<RouteLinkRef>RL_33-RB1-X-y05-6-I-2-2</RouteLinkRef>
				<RunTime>PT16M</RunTime>
			</JourneyPatternTimingLink>
			<JourneyPatternTimingLink id="JPL_33-RB1-X-y05-6-3-I-2-4">
				<From SequenceNumber="4">
					<Activity>pickUpAndSetDown</Activity>
					<StopPointRef>9300LBR1</StopPointRef>
					<TimingStatus>PTP</TimingStatus>
				</From>
				<To SequenceNumber="5">
					<Activity>pickUpAndSetDown</Activity>
					<StopPointRef>9300TMP3</StopPointRef>
					<TimingStatus>PTP</TimingStatus>
				</To>
				<RouteLinkRef>RL_33-RB1-X-y05-6-I-2-3</RouteLinkRef>
				<RunTime>PT4M</RunTime>
			</JourneyPatternTimingLink>
			<JourneyPatternTimingLink id="JPL_33-RB1-X-y05-6-3-I-2-5">
				<From SequenceNumber="5">
					<Activity>pickUpAndSetDown</Activity>
					<StopPointRef>9300TMP3</StopPointRef>
					<TimingStatus>PTP</TimingStatus>
				</From>
				<To SequenceNumber="9">
					<Activity>pickUpAndSetDown</Activity>
					<StopPointRef>9300GNW2</StopPointRef>
					<TimingStatus>PTP</TimingStatus>
				</To>
				<RouteLinkRef>RL_33-RB1-X-y05-6-I-2-4</RouteLinkRef>
				<RunTime>PT15M</RunTime>
			</JourneyPatternTimingLink>
			<JourneyPatternTimingLink id="JPL_33-RB1-X-y05-6-3-I-2-6">
				<From SequenceNumber="9">
					<Activity>pickUpAndSetDown</Activity>
					<StopPointRef>9300GNW2</StopPointRef>
					<TimingStatus>PTP</TimingStatus>
				</From>
				<To SequenceNumber="10">
					<Activity>setDown</Activity>
					<StopPointRef>9300MIL2</StopPointRef>
					<TimingStatus>PTP</TimingStatus>
				</To>
				<RouteLinkRef>RL_33-RB1-X-y05-6-I-2-5</RouteLinkRef>
				<RunTime>PT8M</RunTime>
			</JourneyPatternTimingLink>
		</JourneyPatternSection>
		<JourneyPatternSection id="JPS_33-RB1-X-y05-6-9-5-O">
			<JourneyPatternTimingLink id="JPL_33-RB1-X-y05-6-9-O-5-2">
				<From SequenceNumber="1">
					<Activity>pickUp</Activity>
					<StopPointRef>9300WAS1</StopPointRef>
					<TimingStatus>PTP</TimingStatus>
				</From>
				<To SequenceNumber="2">
					<Activity>pickUpAndSetDown</Activity>
					<StopPointRef>9300MIL1</StopPointRef>
					<TimingStatus>PTP</TimingStatus>
				</To>
				<RouteLinkRef>RL_33-RB1-X-y05-6-O-5-1</RouteLinkRef>
				<RunTime>PT8M</RunTime>
			</JourneyPatternTimingLink>
			<JourneyPatternTimingLink id="JPL_33-RB1-X-y05-6-9-O-5-3">
				<From SequenceNumber="2">
					<Activity>pickUpAndSetDown</Activity>
					<StopPointRef>9300MIL1</StopPointRef>
					<TimingStatus>PTP</TimingStatus>
				</From>
				<To SequenceNumber="3">
					<Activity>pickUpAndSetDown</Activity>
					<StopPointRef>9300GNW1</StopPointRef>
					<TimingStatus>PTP</TimingStatus>
				</To>
				<RouteLinkRef>RL_33-RB1-X-y05-6-O-5-2</RouteLinkRef>
				<RunTime>PT8M</RunTime>
			</JourneyPatternTimingLink>
			<JourneyPatternTimingLink id="JPL_33-RB1-X-y05-6-9-O-5-4">
				<From SequenceNumber="3">
					<Activity>pickUpAndSetDown</Activity>
					<StopPointRef>9300GNW1</StopPointRef>
					<TimingStatus>PTP</TimingStatus>
				</From>
				<To SequenceNumber="7">
					<Activity>pickUpAndSetDown</Activity>
					<StopPointRef>9300TMP3</StopPointRef>
					<TimingStatus>PTP</TimingStatus>
				</To>
				<RouteLinkRef>RL_33-RB1-X-y05-6-O-5-3</RouteLinkRef>
				<RunTime>PT15M</RunTime>
			</JourneyPatternTimingLink>
			<JourneyPatternTimingLink id="JPL_33-RB1-X-y05-6-9-O-5-5">
				<From SequenceNumber="7">
					<Activity>pickUpAndSetDown</Activity>
					<StopPointRef>9300TMP3</StopPointRef>
					<TimingStatus>PTP</TimingStatus>
				</From>
				<To SequenceNumber="8">
					<Activity>pickUpAndSetDown</Activity>
					<StopPointRef>9300LBR2</StopPointRef>
					<TimingStatus>PTP</TimingStatus>
				</To>
				<RouteLinkRef>RL_33-RB1-X-y05-6-O-5-4</RouteLinkRef>
				<RunTime>PT4M</RunTime>
			</JourneyPatternTimingLink>
			<JourneyPatternTimingLink id="JPL_33-RB1-X-y05-6-9-O-5-6">
				<From SequenceNumber="8">
					<Activity>pickUpAndSetDown</Activity>
					<StopPointRef>9300LBR2</StopPointRef>
					<TimingStatus>PTP</TimingStatus>
				</From>
				<To SequenceNumber="10">
					<Activity>pickUpAndSetDown</Activity>
					<StopPointRef>9300EMB1</StopPointRef>
					<TimingStatus>PTP</TimingStatus>
				</To>
				<RouteLinkRef>RL_33-RB1-X-y05-6-O-5-5</RouteLinkRef>
				<RunTime>PT13M</RunTime>
			</JourneyPatternTimingLink>
			<JourneyPatternTimingLink id="JPL_33-RB1-X-y05-6-9-O-5-7">
				<From SequenceNumber="10">
					<Activity>pickUpAndSetDown</Activity>
					<StopPointRef>9300EMB1</StopPointRef>
					<TimingStatus>PTP</TimingStatus>
				</From>
				<To SequenceNumber="11">
					<Activity>setDown</Activity>
					<StopPointRef>9300WMR4</StopPointRef>
					<TimingStatus>PTP</TimingStatus>
				</To>
				<RouteLinkRef>RL_33-RB1-X-y05-6-O-5-6</RouteLinkRef>
				<RunTime>PT5M</RunTime>
			</JourneyPatternTimingLink>
		</JourneyPatternSection>
		<JourneyPatternSection id="JPS_33-RB1-X-y05-6-10-6-O">
			<JourneyPatternTimingLink id="JPL_33-RB1-X-y05-6-10-O-6-2">
				<From SequenceNumber="2">
					<Activity>pickUp</Activity>
					<StopPointRef>9300MIL1</StopPointRef>
					<TimingStatus>PTP</TimingStatus>
				</From>
				<To SequenceNumber="3">
					<Activity>pickUpAndSetDown</Activity>
					<StopPointRef>9300GNW1</StopPointRef>
					<TimingStatus>PTP</TimingStatus>
				</To>
				<RouteLinkRef>RL_33-RB1-X-y05-6-O-6-1</RouteLinkRef>
				<RunTime>PT8M</RunTime>
			</JourneyPatternTimingLink>
			<JourneyPatternTimingLink id="JPL_33-RB1-X-y05-6-10-O-6-3">
				<From SequenceNumber="3">
					<Activity>pickUpAndSetDown</Activity>
					<StopPointRef>9300GNW1</StopPointRef>
					<TimingStatus>PTP</TimingStatus>
				</From>
				<To SequenceNumber="7">
					<Activity>pickUpAndSetDown</Activity>
					<StopPointRef>9300TMP3</StopPointRef>
					<TimingStatus>PTP</TimingStatus>
				</To>
				<RouteLinkRef>RL_33-RB1-X-y05-6-O-6-2</RouteLinkRef>
				<RunTime>PT15M</RunTime>
			</JourneyPatternTimingLink>
			<JourneyPatternTimingLink id="JPL_33-RB1-X-y05-6-10-O-6-4">
				<From SequenceNumber="7">
					<Activity>pickUpAndSetDown</Activity>
					<StopPointRef>9300TMP3</StopPointRef>
					<TimingStatus>PTP</TimingStatus>
				</From>
				<To SequenceNumber="8">
					<Activity>pickUpAndSetDown</Activity>
					<StopPointRef>9300LBR2</StopPointRef>
					<TimingStatus>PTP</TimingStatus>
				</To>
				<RouteLinkRef>RL_33-RB1-X-y05-6-O-6-3</RouteLinkRef>
				<RunTime>PT4M</RunTime>
			</JourneyPatternTimingLink>
			<JourneyPatternTimingLink id="JPL_33-RB1-X-y05-6-10-O-6-5">
				<From SequenceNumber="8">
					<Activity>pickUpAndSetDown</Activity>
					<StopPointRef>9300LBR2</StopPointRef>
					<TimingStatus>PTP</TimingStatus>
				</From>
				<To SequenceNumber="10">
					<Activity>pickUpAndSetDown</Activity>
					<StopPointRef>9300EMB1</StopPointRef>
					<TimingStatus>PTP</TimingStatus>
				</To>
				<RouteLinkRef>RL_33-RB1-X-y05-6-O-6-4</RouteLinkRef>
				<RunTime>PT13M</RunTime>
			</JourneyPatternTimingLink>
			<JourneyPatternTimingLink id="JPL_33-RB1-X-y05-6-10-O-6-6">
				<From SequenceNumber="10">
					<Activity>pickUpAndSetDown</Activity>
					<StopPointRef>9300EMB1</StopPointRef>
					<TimingStatus>PTP</TimingStatus>
				</From>
				<To SequenceNumber="11">
					<Activity>setDown</Activity>
					<StopPointRef>9300WMR4</StopPointRef>
					<TimingStatus>PTP</TimingStatus>
				</To>
				<RouteLinkRef>RL_33-RB1-X-y05-6-O-6-5</RouteLinkRef>
				<RunTime>PT5M</RunTime>
			</JourneyPatternTimingLink>
		</JourneyPatternSection>
		<JourneyPatternSection id="JPS_33-RB1-X-y05-6-8-4-I">
			<JourneyPatternTimingLink id="JPL_33-RB1-X-y05-6-8-I-4-2">
				<From SequenceNumber="1">
					<Activity>pickUp</Activity>
					<StopPointRef>9300WMR4</StopPointRef>
					<TimingStatus>PTP</TimingStatus>
				</From>
				<To SequenceNumber="2">
					<Activity>pickUpAndSetDown</Activity>
					<StopPointRef>9300WMP1</StopPointRef>
					<TimingStatus>PTP</TimingStatus>
				</To>
				<RouteLinkRef>RL_33-RB1-X-y05-6-I-4-1</RouteLinkRef>
				<RunTime>PT5M</RunTime>
			</JourneyPatternTimingLink>
			<JourneyPatternTimingLink id="JPL_33-RB1-X-y05-6-8-I-4-3">
				<From SequenceNumber="2">
					<Activity>pickUpAndSetDown</Activity>
					<StopPointRef>9300WMP1</StopPointRef>
					<TimingStatus>PTP</TimingStatus>
				</From>
				<To SequenceNumber="4">
					<Activity>pickUpAndSetDown</Activity>
					<StopPointRef>9300LBR1</StopPointRef>
					<TimingStatus>PTP</TimingStatus>
				</To>
				<RouteLinkRef>RL_33-RB1-X-y05-6-I-4-2</RouteLinkRef>
				<RunTime>PT11M</RunTime>
			</JourneyPatternTimingLink>
			<JourneyPatternTimingLink id="JPL_33-RB1-X-y05-6-8-I-4-4">
				<From SequenceNumber="4">
					<Activity>pickUpAndSetDown</Activity>
					<StopPointRef>9300LBR1</StopPointRef>
					<TimingStatus>PTP</TimingStatus>
				</From>
				<To SequenceNumber="5">
					<Activity>pickUpAndSetDown</Activity>
					<StopPointRef>9300TMP3</StopPointRef>
					<TimingStatus>PTP</TimingStatus>
				</To>
				<RouteLinkRef>RL_33-RB1-X-y05-6-I-4-3</RouteLinkRef>
				<RunTime>PT4M</RunTime>
			</JourneyPatternTimingLink>
			<JourneyPatternTimingLink id="JPL_33-RB1-X-y05-6-8-I-4-5">
				<From SequenceNumber="5">
					<Activity>pickUpAndSetDown</Activity>
					<StopPointRef>9300TMP3</StopPointRef>
					<TimingStatus>PTP</TimingStatus>
				</From>
				<To SequenceNumber="9">
					<Activity>pickUpAndSetDown</Activity>
					<StopPointRef>9300GNW2</StopPointRef>
					<TimingStatus>PTP</TimingStatus>
				</To>
				<RouteLinkRef>RL_33-RB1-X-y05-6-I-4-4</RouteLinkRef>
				<RunTime>PT15M</RunTime>
			</JourneyPatternTimingLink>
			<JourneyPatternTimingLink id="JPL_33-RB1-X-y05-6-8-I-4-6">
				<From SequenceNumber="9">
					<Activity>pickUpAndSetDown</Activity>
					<StopPointRef>9300GNW2</StopPointRef>
					<TimingStatus>PTP</TimingStatus>
				</From>
				<To SequenceNumber="10">
					<Activity>pickUpAndSetDown</Activity>
					<StopPointRef>9300MIL2</StopPointRef>
					<TimingStatus>PTP</TimingStatus>
				</To>
				<RouteLinkRef>RL_33-RB1-X-y05-6-I-4-5</RouteLinkRef>
				<RunTime>PT8M</RunTime>
			</JourneyPatternTimingLink>
			<JourneyPatternTimingLink id="JPL_33-RB1-X-y05-6-8-I-4-7">
				<From SequenceNumber="10">
					<Activity>pickUpAndSetDown</Activity>
					<StopPointRef>9300MIL2</StopPointRef>
					<TimingStatus>PTP</TimingStatus>
				</From>
				<To SequenceNumber="11">
					<Activity>setDown</Activity>
					<StopPointRef>9300WAS1</StopPointRef>
					<TimingStatus>PTP</TimingStatus>
				</To>
				<RouteLinkRef>RL_33-RB1-X-y05-6-I-4-6</RouteLinkRef>
				<RunTime>PT8M</RunTime>
			</JourneyPatternTimingLink>
		</JourneyPatternSection>
	</JourneyPatternSections>
	<Operators>
		<Operator id="OId_CV">
			<OperatorCode>CV</OperatorCode>
			<OperatorShortName>MBNA THAMES CLIPPERS</OperatorShortName>
			<OperatorNameOnLicence>MBNA THAMES CLIPPERS</OperatorNameOnLicence>
			<TradingName>MBNA THAMES CLIPPERS</TradingName>
		</Operator>
	</Operators>
	<Services>
		<Service>
			<ServiceCode>33-RB1-X-y05-6</ServiceCode>
			<PrivateCode>33-RB1-X-y05-6</PrivateCode>
			<Lines>
				<Line id="33-RB1-X-y05-6">
					<LineName>RB1X</LineName>
				</Line>
			</Lines>
			<OperatingPeriod>
				<StartDate>2017-12-09</StartDate>
				<EndDate>2018-12-23</EndDate>
			</OperatingPeriod>
			<OperatingProfile>
				<RegularDayType>
					<DaysOfWeek>
						<Weekend />
					</DaysOfWeek>
				</RegularDayType>
				<BankHolidayOperation>
					<DaysOfOperation>
						<AllBankHolidays />
					</DaysOfOperation>
					<DaysOfNonOperation />
				</BankHolidayOperation>
			</OperatingProfile>
			<RegisteredOperatorRef>OId_CV</RegisteredOperatorRef>
			<StopRequirements>
				<NoNewStopsRequired />
			</StopRequirements>
			<Mode>ferry</Mode>
			<Description>Royal Arsenal Woolwich - Canary Wharf - Embankment - Westminster</Description>
			<StandardService>
				<Origin>Woolwich Royal Arsenal Pier</Origin>
				<Destination>Westminster Pier</Destination>
				<JourneyPattern id="JP_33-RB1-X-y05-6-2-I-2">
					<Direction>inbound</Direction>
					<Operational>
						<VehicleType>
							<VehicleTypeCode>FW</VehicleTypeCode>
							<Description>Ferry (Wheelchair accessible)</Description>
						</VehicleType>
					</Operational>
					<RouteRef>R_33-RB1-X-y05-6-I-2</RouteRef>
					<JourneyPatternSectionRefs>JPS_33-RB1-X-y05-6-2-2-I</JourneyPatternSectionRefs>
				</JourneyPattern>
				<JourneyPattern id="JP_33-RB1-X-y05-6-3-I-2">
					<Direction>inbound</Direction>
					<Operational>
						<VehicleType>
							<VehicleTypeCode>FW</VehicleTypeCode>
							<Description>Ferry (Wheelchair accessible)</Description>
						</VehicleType>
					</Operational>
					<RouteRef>R_33-RB1-X-y05-6-I-2</RouteRef>
					<JourneyPatternSectionRefs>JPS_33-RB1-X-y05-6-3-2-I</JourneyPatternSectionRefs>
				</JourneyPattern>
				<JourneyPattern id="JP_33-RB1-X-y05-6-9-O-5">
					<Direction>outbound</Direction>
					<Operational>
						<VehicleType>
							<VehicleTypeCode>FW</VehicleTypeCode>
							<Description>Ferry (Wheelchair accessible)</Description>
						</VehicleType>
					</Operational>
					<RouteRef>R_33-RB1-X-y05-6-O-5</RouteRef>
					<JourneyPatternSectionRefs>JPS_33-RB1-X-y05-6-9-5-O</JourneyPatternSectionRefs>
				</JourneyPattern>
				<JourneyPattern id="JP_33-RB1-X-y05-6-10-O-6">
					<Direction>outbound</Direction>
					<Operational>
						<VehicleType>
							<VehicleTypeCode>FW</VehicleTypeCode>
							<Description>Ferry (Wheelchair accessible)</Description>
						</VehicleType>
					</Operational>
					<RouteRef>R_33-RB1-X-y05-6-O-6</RouteRef>
					<JourneyPatternSectionRefs>JPS_33-RB1-X-y05-6-10-6-O</JourneyPatternSectionRefs>
				</JourneyPattern>
				<JourneyPattern id="JP_33-RB1-X-y05-6-8-I-4">
					<Direction>inbound</Direction>
					<Operational>
						<VehicleType>
							<VehicleTypeCode>FW</VehicleTypeCode>
							<Description>Ferry (Wheelchair accessible)</Description>
						</VehicleType>
					</Operational>
					<RouteRef>R_33-RB1-X-y05-6-I-4</RouteRef>
					<JourneyPatternSectionRefs>JPS_33-RB1-X-y05-6-8-4-I</JourneyPatternSectionRefs>
				</JourneyPattern>
			</StandardService>
		</Service>
	</Services>
	<VehicleJourneys>
		<VehicleJourney>
			<PrivateCode>tfl-33-RB1-X-y05-6-23-T4</PrivateCode>
			<Operational>
				<VehicleType>
					<VehicleTypeCode>FW</VehicleTypeCode>
					<Description>Ferry (Wheelchair accessible)</Description>
				</VehicleType>
			</Operational>
			<VehicleJourneyCode>VJ_33-RB1-X-y05-6-23-T4</VehicleJourneyCode>
			<ServiceRef>33-RB1-X-y05-6</ServiceRef>
			<LineRef>33-RB1-X-y05-6</LineRef>
			<JourneyPatternRef>JP_33-RB1-X-y05-6-2-I-2</JourneyPatternRef>
			<DepartureTime>09:38:00</DepartureTime>
		</VehicleJourney>
		<VehicleJourney>
			<PrivateCode>tfl-33-RB1-X-y05-6-24-T4</PrivateCode>
			<Operational>
				<VehicleType>
					<VehicleTypeCode>FW</VehicleTypeCode>
					<Description>Ferry (Wheelchair accessible)</Description>
				</VehicleType>
			</Operational>
			<VehicleJourneyCode>VJ_33-RB1-X-y05-6-24-T4</VehicleJourneyCode>
			<ServiceRef>33-RB1-X-y05-6</ServiceRef>
			<LineRef>33-RB1-X-y05-6</LineRef>
			<JourneyPatternRef>JP_33-RB1-X-y05-6-2-I-2</JourneyPatternRef>
			<DepartureTime>10:25:00</DepartureTime>
		</VehicleJourney>
		<VehicleJourney>
			<PrivateCode>tfl-33-RB1-X-y05-6-25-T4</PrivateCode>
			<Operational>
				<VehicleType>
					<VehicleTypeCode>FW</VehicleTypeCode>
					<Description>Ferry (Wheelchair accessible)</Description>
				</VehicleType>
			</Operational>
			<VehicleJourneyCode>VJ_33-RB1-X-y05-6-25-T4</VehicleJourneyCode>
			<ServiceRef>33-RB1-X-y05-6</ServiceRef>
			<LineRef>33-RB1-X-y05-6</LineRef>
			<JourneyPatternRef>JP_33-RB1-X-y05-6-2-I-2</JourneyPatternRef>
			<DepartureTime>10:55:00</DepartureTime>
		</VehicleJourney>
		<VehicleJourney>
			<PrivateCode>tfl-33-RB1-X-y05-6-26-T4</PrivateCode>
			<Operational>
				<VehicleType>
					<VehicleTypeCode>FW</VehicleTypeCode>
					<Description>Ferry (Wheelchair accessible)</Description>
				</VehicleType>
			</Operational>
			<VehicleJourneyCode>VJ_33-RB1-X-y05-6-26-T4</VehicleJourneyCode>
			<ServiceRef>33-RB1-X-y05-6</ServiceRef>
			<LineRef>33-RB1-X-y05-6</LineRef>
			<JourneyPatternRef>JP_33-RB1-X-y05-6-2-I-2</JourneyPatternRef>
			<DepartureTime>11:25:00</DepartureTime>
		</VehicleJourney>
		<VehicleJourney>
			<PrivateCode>tfl-33-RB1-X-y05-6-27-T4</PrivateCode>
			<Operational>
				<VehicleType>
					<VehicleTypeCode>FW</VehicleTypeCode>
					<Description>Ferry (Wheelchair accessible)</Description>
				</VehicleType>
			</Operational>
			<VehicleJourneyCode>VJ_33-RB1-X-y05-6-27-T4</VehicleJourneyCode>
			<ServiceRef>33-RB1-X-y05-6</ServiceRef>
			<LineRef>33-RB1-X-y05-6</LineRef>
			<JourneyPatternRef>JP_33-RB1-X-y05-6-2-I-2</JourneyPatternRef>
			<DepartureTime>11:55:00</DepartureTime>
		</VehicleJourney>
		<VehicleJourney>
			<PrivateCode>tfl-33-RB1-X-y05-6-28-T4</PrivateCode>
			<Operational>
				<VehicleType>
					<VehicleTypeCode>FW</VehicleTypeCode>
					<Description>Ferry (Wheelchair accessible)</Description>
				</VehicleType>
			</Operational>
			<VehicleJourneyCode>VJ_33-RB1-X-y05-6-28-T4</VehicleJourneyCode>
			<ServiceRef>33-RB1-X-y05-6</ServiceRef>
			<LineRef>33-RB1-X-y05-6</LineRef>
			<JourneyPatternRef>JP_33-RB1-X-y05-6-2-I-2</JourneyPatternRef>
			<DepartureTime>12:25:00</DepartureTime>
		</VehicleJourney>
		<VehicleJourney>
			<PrivateCode>tfl-33-RB1-X-y05-6-29-T4</PrivateCode>
			<Operational>
				<VehicleType>
					<VehicleTypeCode>FW</VehicleTypeCode>
					<Description>Ferry (Wheelchair accessible)</Description>
				</VehicleType>
			</Operational>
			<VehicleJourneyCode>VJ_33-RB1-X-y05-6-29-T4</VehicleJourneyCode>
			<ServiceRef>33-RB1-X-y05-6</ServiceRef>
			<LineRef>33-RB1-X-y05-6</LineRef>
			<JourneyPatternRef>JP_33-RB1-X-y05-6-2-I-2</JourneyPatternRef>
			<DepartureTime>12:55:00</DepartureTime>
		</VehicleJourney>
		<VehicleJourney>
			<PrivateCode>tfl-33-RB1-X-y05-6-30-T4</PrivateCode>
			<Operational>
				<VehicleType>
					<VehicleTypeCode>FW</VehicleTypeCode>
					<Description>Ferry (Wheelchair accessible)</Description>
				</VehicleType>
			</Operational>
			<VehicleJourneyCode>VJ_33-RB1-X-y05-6-30-T4</VehicleJourneyCode>
			<ServiceRef>33-RB1-X-y05-6</ServiceRef>
			<LineRef>33-RB1-X-y05-6</LineRef>
			<JourneyPatternRef>JP_33-RB1-X-y05-6-2-I-2</JourneyPatternRef>
			<DepartureTime>13:25:00</DepartureTime>
		</VehicleJourney>
		<VehicleJourney>
			<PrivateCode>tfl-33-RB1-X-y05-6-31-T4</PrivateCode>
			<Operational>
				<VehicleType>
					<VehicleTypeCode>FW</VehicleTypeCode>
					<Description>Ferry (Wheelchair accessible)</Description>
				</VehicleType>
			</Operational>
			<VehicleJourneyCode>VJ_33-RB1-X-y05-6-31-T4</VehicleJourneyCode>
			<ServiceRef>33-RB1-X-y05-6</ServiceRef>
			<LineRef>33-RB1-X-y05-6</LineRef>
			<JourneyPatternRef>JP_33-RB1-X-y05-6-2-I-2</JourneyPatternRef>
			<DepartureTime>13:55:00</DepartureTime>
		</VehicleJourney>
		<VehicleJourney>
			<PrivateCode>tfl-33-RB1-X-y05-6-32-T4</PrivateCode>
			<Operational>
				<VehicleType>
					<VehicleTypeCode>FW</VehicleTypeCode>
					<Description>Ferry (Wheelchair accessible)</Description>
				</VehicleType>
			</Operational>
			<VehicleJourneyCode>VJ_33-RB1-X-y05-6-32-T4</VehicleJourneyCode>
			<ServiceRef>33-RB1-X-y05-6</ServiceRef>
			<LineRef>33-RB1-X-y05-6</LineRef>
			<JourneyPatternRef>JP_33-RB1-X-y05-6-2-I-2</JourneyPatternRef>
			<DepartureTime>14:25:00</DepartureTime>
		</VehicleJourney>
		<VehicleJourney>
			<PrivateCode>tfl-33-RB1-X-y05-6-33-T4</PrivateCode>
			<Operational>
				<VehicleType>
					<VehicleTypeCode>FW</VehicleTypeCode>
					<Description>Ferry (Wheelchair accessible)</Description>
				</VehicleType>
			</Operational>
			<VehicleJourneyCode>VJ_33-RB1-X-y05-6-33-T4</VehicleJourneyCode>
			<ServiceRef>33-RB1-X-y05-6</ServiceRef>
			<LineRef>33-RB1-X-y05-6</LineRef>
			<JourneyPatternRef>JP_33-RB1-X-y05-6-2-I-2</JourneyPatternRef>
			<DepartureTime>14:55:00</DepartureTime>
		</VehicleJourney>
		<VehicleJourney>
			<PrivateCode>tfl-33-RB1-X-y05-6-34-T4</PrivateCode>
			<Operational>
				<VehicleType>
					<VehicleTypeCode>FW</VehicleTypeCode>
					<Description>Ferry (Wheelchair accessible)</Description>
				</VehicleType>
			</Operational>
			<VehicleJourneyCode>VJ_33-RB1-X-y05-6-34-T4</VehicleJourneyCode>
			<ServiceRef>33-RB1-X-y05-6</ServiceRef>
			<LineRef>33-RB1-X-y05-6</LineRef>
			<JourneyPatternRef>JP_33-RB1-X-y05-6-2-I-2</JourneyPatternRef>
			<DepartureTime>15:25:00</DepartureTime>
		</VehicleJourney>
		<VehicleJourney>
			<PrivateCode>tfl-33-RB1-X-y05-6-35-T4</PrivateCode>
			<Operational>
				<VehicleType>
					<VehicleTypeCode>FW</VehicleTypeCode>
					<Description>Ferry (Wheelchair accessible)</Description>
				</VehicleType>
			</Operational>
			<VehicleJourneyCode>VJ_33-RB1-X-y05-6-35-T4</VehicleJourneyCode>
			<ServiceRef>33-RB1-X-y05-6</ServiceRef>
			<LineRef>33-RB1-X-y05-6</LineRef>
			<JourneyPatternRef>JP_33-RB1-X-y05-6-2-I-2</JourneyPatternRef>
			<DepartureTime>15:55:00</DepartureTime>
		</VehicleJourney>
		<VehicleJourney>
			<PrivateCode>tfl-33-RB1-X-y05-6-36-T4</PrivateCode>
			<Operational>
				<VehicleType>
					<VehicleTypeCode>FW</VehicleTypeCode>
					<Description>Ferry (Wheelchair accessible)</Description>
				</VehicleType>
			</Operational>
			<VehicleJourneyCode>VJ_33-RB1-X-y05-6-36-T4</VehicleJourneyCode>
			<ServiceRef>33-RB1-X-y05-6</ServiceRef>
			<LineRef>33-RB1-X-y05-6</LineRef>
			<JourneyPatternRef>JP_33-RB1-X-y05-6-2-I-2</JourneyPatternRef>
			<DepartureTime>16:25:00</DepartureTime>
		</VehicleJourney>
		<VehicleJourney>
			<PrivateCode>tfl-33-RB1-X-y05-6-37-T4</PrivateCode>
			<Operational>
				<VehicleType>
					<VehicleTypeCode>FW</VehicleTypeCode>
					<Description>Ferry (Wheelchair accessible)</Description>
				</VehicleType>
			</Operational>
			<VehicleJourneyCode>VJ_33-RB1-X-y05-6-37-T4</VehicleJourneyCode>
			<ServiceRef>33-RB1-X-y05-6</ServiceRef>
			<LineRef>33-RB1-X-y05-6</LineRef>
			<JourneyPatternRef>JP_33-RB1-X-y05-6-2-I-2</JourneyPatternRef>
			<DepartureTime>16:54:00</DepartureTime>
		</VehicleJourney>
		<VehicleJourney>
			<PrivateCode>tfl-33-RB1-X-y05-6-38-T4</PrivateCode>
			<Operational>
				<VehicleType>
					<VehicleTypeCode>FW</VehicleTypeCode>
					<Description>Ferry (Wheelchair accessible)</Description>
				</VehicleType>
			</Operational>
			<VehicleJourneyCode>VJ_33-RB1-X-y05-6-38-T4</VehicleJourneyCode>
			<ServiceRef>33-RB1-X-y05-6</ServiceRef>
			<LineRef>33-RB1-X-y05-6</LineRef>
			<JourneyPatternRef>JP_33-RB1-X-y05-6-2-I-2</JourneyPatternRef>
			<DepartureTime>17:25:00</DepartureTime>
		</VehicleJourney>
		<VehicleJourney>
			<PrivateCode>tfl-33-RB1-X-y05-6-39-T4</PrivateCode>
			<Operational>
				<VehicleType>
					<VehicleTypeCode>FW</VehicleTypeCode>
					<Description>Ferry (Wheelchair accessible)</Description>
				</VehicleType>
			</Operational>
			<VehicleJourneyCode>VJ_33-RB1-X-y05-6-39-T4</VehicleJourneyCode>
			<ServiceRef>33-RB1-X-y05-6</ServiceRef>
			<LineRef>33-RB1-X-y05-6</LineRef>
			<JourneyPatternRef>JP_33-RB1-X-y05-6-2-I-2</JourneyPatternRef>
			<DepartureTime>17:54:00</DepartureTime>
		</VehicleJourney>
		<VehicleJourney>
			<PrivateCode>tfl-33-RB1-X-y05-6-40-T4</PrivateCode>
			<Operational>
				<VehicleType>
					<VehicleTypeCode>FW</VehicleTypeCode>
					<Description>Ferry (Wheelchair accessible)</Description>
				</VehicleType>
			</Operational>
			<VehicleJourneyCode>VJ_33-RB1-X-y05-6-40-T4</VehicleJourneyCode>
			<ServiceRef>33-RB1-X-y05-6</ServiceRef>
			<LineRef>33-RB1-X-y05-6</LineRef>
			<JourneyPatternRef>JP_33-RB1-X-y05-6-2-I-2</JourneyPatternRef>
			<DepartureTime>18:24:00</DepartureTime>
		</VehicleJourney>
		<VehicleJourney>
			<PrivateCode>tfl-33-RB1-X-y05-6-41-T4</PrivateCode>
			<Operational>
				<VehicleType>
					<VehicleTypeCode>FW</VehicleTypeCode>
					<Description>Ferry (Wheelchair accessible)</Description>
				</VehicleType>
			</Operational>
			<VehicleJourneyCode>VJ_33-RB1-X-y05-6-41-T4</VehicleJourneyCode>
			<ServiceRef>33-RB1-X-y05-6</ServiceRef>
			<LineRef>33-RB1-X-y05-6</LineRef>
			<JourneyPatternRef>JP_33-RB1-X-y05-6-2-I-2</JourneyPatternRef>
			<DepartureTime>18:54:00</DepartureTime>
		</VehicleJourney>
		<VehicleJourney>
			<PrivateCode>tfl-33-RB1-X-y05-6-42-T4</PrivateCode>
			<Operational>
				<VehicleType>
					<VehicleTypeCode>FW</VehicleTypeCode>
					<Description>Ferry (Wheelchair accessible)</Description>
				</VehicleType>
			</Operational>
			<VehicleJourneyCode>VJ_33-RB1-X-y05-6-42-T4</VehicleJourneyCode>
			<ServiceRef>33-RB1-X-y05-6</ServiceRef>
			<LineRef>33-RB1-X-y05-6</LineRef>
			<JourneyPatternRef>JP_33-RB1-X-y05-6-2-I-2</JourneyPatternRef>
			<DepartureTime>19:19:00</DepartureTime>
		</VehicleJourney>
		<VehicleJourney>
			<PrivateCode>tfl-33-RB1-X-y05-6-43-T4</PrivateCode>
			<Operational>
				<VehicleType>
					<VehicleTypeCode>FW</VehicleTypeCode>
					<Description>Ferry (Wheelchair accessible)</Description>
				</VehicleType>
			</Operational>
			<VehicleJourneyCode>VJ_33-RB1-X-y05-6-43-T4</VehicleJourneyCode>
			<ServiceRef>33-RB1-X-y05-6</ServiceRef>
			<LineRef>33-RB1-X-y05-6</LineRef>
			<JourneyPatternRef>JP_33-RB1-X-y05-6-3-I-2</JourneyPatternRef>
			<DepartureTime>20:19:00</DepartureTime>
		</VehicleJourney>
		<VehicleJourney>
			<PrivateCode>tfl-33-RB1-X-y05-6-44-T4</PrivateCode>
			<Operational>
				<VehicleType>
					<VehicleTypeCode>FW</VehicleTypeCode>
					<Description>Ferry (Wheelchair accessible)</Description>
				</VehicleType>
			</Operational>
			<VehicleJourneyCode>VJ_33-RB1-X-y05-6-44-T4</VehicleJourneyCode>
			<ServiceRef>33-RB1-X-y05-6</ServiceRef>
			<LineRef>33-RB1-X-y05-6</LineRef>
			<JourneyPatternRef>JP_33-RB1-X-y05-6-3-I-2</JourneyPatternRef>
			<DepartureTime>20:49:00</DepartureTime>
		</VehicleJourney>
		<VehicleJourney>
			<PrivateCode>tfl-33-RB1-X-y05-6-46-T4</PrivateCode>
			<Operational>
				<VehicleType>
					<VehicleTypeCode>FW</VehicleTypeCode>
					<Description>Ferry (Wheelchair accessible)</Description>
				</VehicleType>
			</Operational>
			<VehicleJourneyCode>VJ_33-RB1-X-y05-6-46-T4</VehicleJourneyCode>
			<ServiceRef>33-RB1-X-y05-6</ServiceRef>
			<LineRef>33-RB1-X-y05-6</LineRef>
			<JourneyPatternRef>JP_33-RB1-X-y05-6-9-O-5</JourneyPatternRef>
			<DepartureTime>09:07:00</DepartureTime>
		</VehicleJourney>
		<VehicleJourney>
			<PrivateCode>tfl-33-RB1-X-y05-6-47-T4</PrivateCode>
			<Operational>
				<VehicleType>
					<VehicleTypeCode>FW</VehicleTypeCode>
					<Description>Ferry (Wheelchair accessible)</Description>
				</VehicleType>
			</Operational>
			<VehicleJourneyCode>VJ_33-RB1-X-y05-6-47-T4</VehicleJourneyCode>
			<ServiceRef>33-RB1-X-y05-6</ServiceRef>
			<LineRef>33-RB1-X-y05-6</LineRef>
			<JourneyPatternRef>JP_33-RB1-X-y05-6-9-O-5</JourneyPatternRef>
			<DepartureTime>09:37:00</DepartureTime>
		</VehicleJourney>
		<VehicleJourney>
			<PrivateCode>tfl-33-RB1-X-y05-6-48-T4</PrivateCode>
			<Operational>
				<VehicleType>
					<VehicleTypeCode>FW</VehicleTypeCode>
					<Description>Ferry (Wheelchair accessible)</Description>
				</VehicleType>
			</Operational>
			<VehicleJourneyCode>VJ_33-RB1-X-y05-6-48-T4</VehicleJourneyCode>
			<ServiceRef>33-RB1-X-y05-6</ServiceRef>
			<LineRef>33-RB1-X-y05-6</LineRef>
			<JourneyPatternRef>JP_33-RB1-X-y05-6-9-O-5</JourneyPatternRef>
			<DepartureTime>10:07:00</DepartureTime>
		</VehicleJourney>
		<VehicleJourney>
			<PrivateCode>tfl-33-RB1-X-y05-6-49-T4</PrivateCode>
			<Operational>
				<VehicleType>
					<VehicleTypeCode>FW</VehicleTypeCode>
					<Description>Ferry (Wheelchair accessible)</Description>
				</VehicleType>
			</Operational>
			<VehicleJourneyCode>VJ_33-RB1-X-y05-6-49-T4</VehicleJourneyCode>
			<ServiceRef>33-RB1-X-y05-6</ServiceRef>
			<LineRef>33-RB1-X-y05-6</LineRef>
			<JourneyPatternRef>JP_33-RB1-X-y05-6-10-O-6</JourneyPatternRef>
			<DepartureTime>10:45:00</DepartureTime>
		</VehicleJourney>
		<VehicleJourney>
			<PrivateCode>tfl-33-RB1-X-y05-6-50-T4</PrivateCode>
			<Operational>
				<VehicleType>
					<VehicleTypeCode>FW</VehicleTypeCode>
					<Description>Ferry (Wheelchair accessible)</Description>
				</VehicleType>
			</Operational>
			<VehicleJourneyCode>VJ_33-RB1-X-y05-6-50-T4</VehicleJourneyCode>
			<ServiceRef>33-RB1-X-y05-6</ServiceRef>
			<LineRef>33-RB1-X-y05-6</LineRef>
			<JourneyPatternRef>JP_33-RB1-X-y05-6-10-O-6</JourneyPatternRef>
			<DepartureTime>11:15:00</DepartureTime>
		</VehicleJourney>
		<VehicleJourney>
			<PrivateCode>tfl-33-RB1-X-y05-6-51-T4</PrivateCode>
			<Operational>
				<VehicleType>
					<VehicleTypeCode>FW</VehicleTypeCode>
					<Description>Ferry (Wheelchair accessible)</Description>
				</VehicleType>
			</Operational>
			<VehicleJourneyCode>VJ_33-RB1-X-y05-6-51-T4</VehicleJourneyCode>
			<ServiceRef>33-RB1-X-y05-6</ServiceRef>
			<LineRef>33-RB1-X-y05-6</LineRef>
			<JourneyPatternRef>JP_33-RB1-X-y05-6-10-O-6</JourneyPatternRef>
			<DepartureTime>11:45:00</DepartureTime>
		</VehicleJourney>
		<VehicleJourney>
			<PrivateCode>tfl-33-RB1-X-y05-6-52-T4</PrivateCode>
			<Operational>
				<VehicleType>
					<VehicleTypeCode>FW</VehicleTypeCode>
					<Description>Ferry (Wheelchair accessible)</Description>
				</VehicleType>
			</Operational>
			<VehicleJourneyCode>VJ_33-RB1-X-y05-6-52-T4</VehicleJourneyCode>
			<ServiceRef>33-RB1-X-y05-6</ServiceRef>
			<LineRef>33-RB1-X-y05-6</LineRef>
			<JourneyPatternRef>JP_33-RB1-X-y05-6-10-O-6</JourneyPatternRef>
			<DepartureTime>12:15:00</DepartureTime>
		</VehicleJourney>
		<VehicleJourney>
			<PrivateCode>tfl-33-RB1-X-y05-6-53-T4</PrivateCode>
			<Operational>
				<VehicleType>
					<VehicleTypeCode>FW</VehicleTypeCode>
					<Description>Ferry (Wheelchair accessible)</Description>
				</VehicleType>
			</Operational>
			<VehicleJourneyCode>VJ_33-RB1-X-y05-6-53-T4</VehicleJourneyCode>
			<ServiceRef>33-RB1-X-y05-6</ServiceRef>
			<LineRef>33-RB1-X-y05-6</LineRef>
			<JourneyPatternRef>JP_33-RB1-X-y05-6-10-O-6</JourneyPatternRef>
			<DepartureTime>12:45:00</DepartureTime>
		</VehicleJourney>
		<VehicleJourney>
			<PrivateCode>tfl-33-RB1-X-y05-6-54-T4</PrivateCode>
			<Operational>
				<VehicleType>
					<VehicleTypeCode>FW</VehicleTypeCode>
					<Description>Ferry (Wheelchair accessible)</Description>
				</VehicleType>
			</Operational>
			<VehicleJourneyCode>VJ_33-RB1-X-y05-6-54-T4</VehicleJourneyCode>
			<ServiceRef>33-RB1-X-y05-6</ServiceRef>
			<LineRef>33-RB1-X-y05-6</LineRef>
			<JourneyPatternRef>JP_33-RB1-X-y05-6-10-O-6</JourneyPatternRef>
			<DepartureTime>13:15:00</DepartureTime>
		</VehicleJourney>
		<VehicleJourney>
			<PrivateCode>tfl-33-RB1-X-y05-6-55-T4</PrivateCode>
			<Operational>
				<VehicleType>
					<VehicleTypeCode>FW</VehicleTypeCode>
					<Description>Ferry (Wheelchair accessible)</Description>
				</VehicleType>
			</Operational>
			<VehicleJourneyCode>VJ_33-RB1-X-y05-6-55-T4</VehicleJourneyCode>
			<ServiceRef>33-RB1-X-y05-6</ServiceRef>
			<LineRef>33-RB1-X-y05-6</LineRef>
			<JourneyPatternRef>JP_33-RB1-X-y05-6-10-O-6</JourneyPatternRef>
			<DepartureTime>14:15:00</DepartureTime>
		</VehicleJourney>
		<VehicleJourney>
			<PrivateCode>tfl-33-RB1-X-y05-6-56-T4</PrivateCode>
			<Operational>
				<VehicleType>
					<VehicleTypeCode>FW</VehicleTypeCode>
					<Description>Ferry (Wheelchair accessible)</Description>
				</VehicleType>
			</Operational>
			<VehicleJourneyCode>VJ_33-RB1-X-y05-6-56-T4</VehicleJourneyCode>
			<ServiceRef>33-RB1-X-y05-6</ServiceRef>
			<LineRef>33-RB1-X-y05-6</LineRef>
			<JourneyPatternRef>JP_33-RB1-X-y05-6-10-O-6</JourneyPatternRef>
			<DepartureTime>14:45:00</DepartureTime>
		</VehicleJourney>
		<VehicleJourney>
			<PrivateCode>tfl-33-RB1-X-y05-6-57-T4</PrivateCode>
			<Operational>
				<VehicleType>
					<VehicleTypeCode>FW</VehicleTypeCode>
					<Description>Ferry (Wheelchair accessible)</Description>
				</VehicleType>
			</Operational>
			<VehicleJourneyCode>VJ_33-RB1-X-y05-6-57-T4</VehicleJourneyCode>
			<ServiceRef>33-RB1-X-y05-6</ServiceRef>
			<LineRef>33-RB1-X-y05-6</LineRef>
			<JourneyPatternRef>JP_33-RB1-X-y05-6-10-O-6</JourneyPatternRef>
			<DepartureTime>15:15:00</DepartureTime>
		</VehicleJourney>
		<VehicleJourney>
			<PrivateCode>tfl-33-RB1-X-y05-6-58-T4</PrivateCode>
			<Operational>
				<VehicleType>
					<VehicleTypeCode>FW</VehicleTypeCode>
					<Description>Ferry (Wheelchair accessible)</Description>
				</VehicleType>
			</Operational>
			<VehicleJourneyCode>VJ_33-RB1-X-y05-6-58-T4</VehicleJourneyCode>
			<ServiceRef>33-RB1-X-y05-6</ServiceRef>
			<LineRef>33-RB1-X-y05-6</LineRef>
			<JourneyPatternRef>JP_33-RB1-X-y05-6-10-O-6</JourneyPatternRef>
			<DepartureTime>16:05:00</DepartureTime>
		</VehicleJourney>
		<VehicleJourney>
			<PrivateCode>tfl-33-RB1-X-y05-6-59-T4</PrivateCode>
			<Operational>
				<VehicleType>
					<VehicleTypeCode>FW</VehicleTypeCode>
					<Description>Ferry (Wheelchair accessible)</Description>
				</VehicleType>
			</Operational>
			<VehicleJourneyCode>VJ_33-RB1-X-y05-6-59-T4</VehicleJourneyCode>
			<ServiceRef>33-RB1-X-y05-6</ServiceRef>
			<LineRef>33-RB1-X-y05-6</LineRef>
			<JourneyPatternRef>JP_33-RB1-X-y05-6-10-O-6</JourneyPatternRef>
			<DepartureTime>16:35:00</DepartureTime>
		</VehicleJourney>
		<VehicleJourney>
			<PrivateCode>tfl-33-RB1-X-y05-6-60-T4</PrivateCode>
			<Operational>
				<VehicleType>
					<VehicleTypeCode>FW</VehicleTypeCode>
					<Description>Ferry (Wheelchair accessible)</Description>
				</VehicleType>
			</Operational>
			<VehicleJourneyCode>VJ_33-RB1-X-y05-6-60-T4</VehicleJourneyCode>
			<ServiceRef>33-RB1-X-y05-6</ServiceRef>
			<LineRef>33-RB1-X-y05-6</LineRef>
			<JourneyPatternRef>JP_33-RB1-X-y05-6-10-O-6</JourneyPatternRef>
			<DepartureTime>17:05:00</DepartureTime>
		</VehicleJourney>
		<VehicleJourney>
			<PrivateCode>tfl-33-RB1-X-y05-6-61-T4</PrivateCode>
			<Operational>
				<VehicleType>
					<VehicleTypeCode>FW</VehicleTypeCode>
					<Description>Ferry (Wheelchair accessible)</Description>
				</VehicleType>
			</Operational>
			<VehicleJourneyCode>VJ_33-RB1-X-y05-6-61-T4</VehicleJourneyCode>
			<ServiceRef>33-RB1-X-y05-6</ServiceRef>
			<LineRef>33-RB1-X-y05-6</LineRef>
			<JourneyPatternRef>JP_33-RB1-X-y05-6-10-O-6</JourneyPatternRef>
			<DepartureTime>17:35:00</DepartureTime>
		</VehicleJourney>
		<VehicleJourney>
			<PrivateCode>tfl-33-RB1-X-y05-6-62-T4</PrivateCode>
			<Operational>
				<VehicleType>
					<VehicleTypeCode>FW</VehicleTypeCode>
					<Description>Ferry (Wheelchair accessible)</Description>
				</VehicleType>
			</Operational>
			<VehicleJourneyCode>VJ_33-RB1-X-y05-6-62-T4</VehicleJourneyCode>
			<ServiceRef>33-RB1-X-y05-6</ServiceRef>
			<LineRef>33-RB1-X-y05-6</LineRef>
			<JourneyPatternRef>JP_33-RB1-X-y05-6-10-O-6</JourneyPatternRef>
			<DepartureTime>13:45:00</DepartureTime>
		</VehicleJourney>
		<VehicleJourney>
			<PrivateCode>tfl-33-RB1-X-y05-6-68-T4</PrivateCode>
			<Operational>
				<VehicleType>
					<VehicleTypeCode>FW</VehicleTypeCode>
					<Description>Ferry (Wheelchair accessible)</Description>
				</VehicleType>
			</Operational>
			<VehicleJourneyCode>VJ_33-RB1-X-y05-6-68-T4</VehicleJourneyCode>
			<ServiceRef>33-RB1-X-y05-6</ServiceRef>
			<LineRef>33-RB1-X-y05-6</LineRef>
			<JourneyPatternRef>JP_33-RB1-X-y05-6-9-O-5</JourneyPatternRef>
			<DepartureTime>17:57:00</DepartureTime>
		</VehicleJourney>
		<VehicleJourney>
			<PrivateCode>tfl-33-RB1-X-y05-6-69-T4</PrivateCode>
			<Operational>
				<VehicleType>
					<VehicleTypeCode>FW</VehicleTypeCode>
					<Description>Ferry (Wheelchair accessible)</Description>
				</VehicleType>
			</Operational>
			<VehicleJourneyCode>VJ_33-RB1-X-y05-6-69-T4</VehicleJourneyCode>
			<ServiceRef>33-RB1-X-y05-6</ServiceRef>
			<LineRef>33-RB1-X-y05-6</LineRef>
			<JourneyPatternRef>JP_33-RB1-X-y05-6-9-O-5</JourneyPatternRef>
			<DepartureTime>19:52:00</DepartureTime>
		</VehicleJourney>
		<VehicleJourney>
			<PrivateCode>tfl-33-RB1-X-y05-6-100-T4</PrivateCode>
			<Operational>
				<VehicleType>
					<VehicleTypeCode>FW</VehicleTypeCode>
					<Description>Ferry (Wheelchair accessible)</Description>
				</VehicleType>
			</Operational>
			<VehicleJourneyCode>VJ_33-RB1-X-y05-6-100-T4</VehicleJourneyCode>
			<ServiceRef>33-RB1-X-y05-6</ServiceRef>
			<LineRef>33-RB1-X-y05-6</LineRef>
			<JourneyPatternRef>JP_33-RB1-X-y05-6-8-I-4</JourneyPatternRef>
			<DepartureTime>19:49:00</DepartureTime>
		</VehicleJourney>
		<VehicleJourney>
			<PrivateCode>tfl-33-RB1-X-y05-6-101-T4</PrivateCode>
			<Operational>
				<VehicleType>
					<VehicleTypeCode>FW</VehicleTypeCode>
					<Description>Ferry (Wheelchair accessible)</Description>
				</VehicleType>
			</Operational>
			<VehicleJourneyCode>VJ_33-RB1-X-y05-6-101-T4</VehicleJourneyCode>
			<ServiceRef>33-RB1-X-y05-6</ServiceRef>
			<LineRef>33-RB1-X-y05-6</LineRef>
			<JourneyPatternRef>JP_33-RB1-X-y05-6-9-O-5</JourneyPatternRef>
			<DepartureTime>19:22:00</DepartureTime>
		</VehicleJourney>
		<VehicleJourney>
			<PrivateCode>tfl-33-RB1-X-y05-6-102-T4</PrivateCode>
			<Operational>
				<VehicleType>
					<VehicleTypeCode>FW</VehicleTypeCode>
					<Description>Ferry (Wheelchair accessible)</Description>
				</VehicleType>
			</Operational>
			<VehicleJourneyCode>VJ_33-RB1-X-y05-6-102-T4</VehicleJourneyCode>
			<ServiceRef>33-RB1-X-y05-6</ServiceRef>
			<LineRef>33-RB1-X-y05-6</LineRef>
			<JourneyPatternRef>JP_33-RB1-X-y05-6-9-O-5</JourneyPatternRef>
			<DepartureTime>18:52:00</DepartureTime>
		</VehicleJourney>
		<VehicleJourney>
			<PrivateCode>tfl-33-RB1-X-y05-6-103-T4</PrivateCode>
			<Operational>
				<VehicleType>
					<VehicleTypeCode>FW</VehicleTypeCode>
					<Description>Ferry (Wheelchair accessible)</Description>
				</VehicleType>
			</Operational>
			<VehicleJourneyCode>VJ_33-RB1-X-y05-6-103-T4</VehicleJourneyCode>
			<ServiceRef>33-RB1-X-y05-6</ServiceRef>
			<LineRef>33-RB1-X-y05-6</LineRef>
			<JourneyPatternRef>JP_33-RB1-X-y05-6-9-O-5</JourneyPatternRef>
			<DepartureTime>18:22:00</DepartureTime>
		</VehicleJourney>
	</VehicleJourneys>
</TransXChange>