<?xml version="1.0" encoding="Windows-1252"?>
<TransXChange CreationDateTime="2017-12-11T17:18:01.6058406Z" ModificationDateTime="2017-12-11T17:18:01.6058406Z" Modification="new" FileName="tfl_33-RB2-_-y05-16.xml" RevisionNumber="3" SchemaVersion="2.1" xml:lang="en" xsi:schemaLocation="http://www.transxchange.org.uk/ http://www.transxchange.org.uk/schema/2.1/TransXChange_general.xsd" xmlns:xsi="http://www.w3.org/2001/XMLSchema-instance" xmlns="http://www.transxchange.org.uk/">
	<NptgLocalities>
		<AnnotatedNptgLocalityRef>
			<NptgLocalityRef>N0065177</NptgLocalityRef>
			<LocalityName>Millbank (London)</LocalityName>
		</AnnotatedNptgLocalityRef>
		<AnnotatedNptgLocalityRef>
			<NptgLocalityRef>N0077659</NptgLocalityRef>
			<LocalityName>Embankment</LocalityName>
		</AnnotatedNptgLocalityRef>
		<AnnotatedNptgLocalityRef>
			<NptgLocalityRef>N0060501</NptgLocalityRef>
			<LocalityName>Southwark</LocalityName>
		</AnnotatedNptgLocalityRef>
		<AnnotatedNptgLocalityRef>
			<NptgLocalityRef>N0077694</NptgLocalityRef>
			<LocalityName>London Bridge</LocalityName>
		</AnnotatedNptgLocalityRef>
		<AnnotatedNptgLocalityRef>
			<NptgLocalityRef>E0034886</NptgLocalityRef>
			<LocalityName>Battersea</LocalityName>
		</AnnotatedNptgLocalityRef>
		<AnnotatedNptgLocalityRef>
			<NptgLocalityRef>E0034648</NptgLocalityRef>
			<LocalityName>Vauxhall (London)</LocalityName>
		</AnnotatedNptgLocalityRef>
		<AnnotatedNptgLocalityRef>
			<NptgLocalityRef>N0077631</NptgLocalityRef>
			<LocalityName>Blackfriars</LocalityName>
		</AnnotatedNptgLocalityRef>
	</NptgLocalities>
	<StopPoints>
		<StopPoint CreationDateTime="2016-01-13T00:00:00">
			<AtcoCode>9300MBK1</AtcoCode>
			<Descriptor>
				<CommonName>Millbank Pier</CommonName>
			</Descriptor>
			<Place>
				<NptgLocalityRef>N0065177</NptgLocalityRef>
				<Location Precision="1m">
					<Easting>530297</Easting>
					<Northing>178640</Northing>
				</Location>
			</Place>
			<StopClassification>
				<StopType>FBT</StopType>
				<OffStreet>
					<Ferry>
						<Berth />
					</Ferry>
				</OffStreet>
			</StopClassification>
			<AdministrativeAreaRef>000</AdministrativeAreaRef>
			<Notes>Millbank Pier</Notes>
		</StopPoint>
		<StopPoint CreationDateTime="2016-03-18T00:00:00">
			<AtcoCode>9300EMB2</AtcoCode>
			<Descriptor>
				<CommonName>Embankment Pier</CommonName>
			</Descriptor>
			<Place>
				<NptgLocalityRef>N0077659</NptgLocalityRef>
				<Location Precision="1m">
					<Easting>530511</Easting>
					<Northing>180376</Northing>
				</Location>
			</Place>
			<StopClassification>
				<StopType>FBT</StopType>
				<OffStreet>
					<Ferry>
						<Berth />
					</Ferry>
				</OffStreet>
			</StopClassification>
			<AdministrativeAreaRef>000</AdministrativeAreaRef>
			<Notes>Embankment Pier</Notes>
		</StopPoint>
		<StopPoint CreationDateTime="2016-04-06T00:00:00">
			<AtcoCode>9300SWK3</AtcoCode>
			<Descriptor>
				<CommonName>Bankside Pier</CommonName>
			</Descriptor>
			<Place>
				<NptgLocalityRef>N0060501</NptgLocalityRef>
				<Location Precision="1m">
					<Easting>532199</Easting>
					<Northing>180589</Northing>
				</Location>
			</Place>
			<StopClassification>
				<StopType>FBT</StopType>
				<OffStreet>
					<Ferry>
						<Berth />
					</Ferry>
				</OffStreet>
			</StopClassification>
			<AdministrativeAreaRef>000</AdministrativeAreaRef>
			<Notes>Bankside Pier</Notes>
		</StopPoint>
		<StopPoint CreationDateTime="2016-01-27T00:00:00">
			<AtcoCode>9300LBR1</AtcoCode>
			<Descriptor>
				<CommonName>London Bridge City Pier</CommonName>
			</Descriptor>
			<Place>
				<NptgLocalityRef>N0077694</NptgLocalityRef>
				<Location Precision="1m">
					<Easting>533012</Easting>
					<Northing>180407</Northing>
				</Location>
			</Place>
			<StopClassification>
				<StopType>FBT</StopType>
				<OffStreet>
					<Ferry>
						<Berth />
					</Ferry>
				</OffStreet>
			</StopClassification>
			<AdministrativeAreaRef>000</AdministrativeAreaRef>
			<Notes>London Bridge City Pier</Notes>
		</StopPoint>
		<StopPoint CreationDateTime="2016-03-21T00:00:00">
			<AtcoCode>9300LBR2</AtcoCode>
			<Descriptor>
				<CommonName>London Bridge City Pier</CommonName>
			</Descriptor>
			<Place>
				<NptgLocalityRef>N0077694</NptgLocalityRef>
				<Location Precision="1m">
					<Easting>533035</Easting>
					<Northing>180404</Northing>
				</Location>
			</Place>
			<StopClassification>
				<StopType>FBT</StopType>
				<OffStreet>
					<Ferry>
						<Berth />
					</Ferry>
				</OffStreet>
			</StopClassification>
			<AdministrativeAreaRef>000</AdministrativeAreaRef>
			<Notes>London Bridge City Pier</Notes>
		</StopPoint>
		<StopPoint CreationDateTime="2016-04-06T00:00:00">
			<AtcoCode>9300SWK1</AtcoCode>
			<Descriptor>
				<CommonName>Bankside Pier</CommonName>
			</Descriptor>
			<Place>
				<NptgLocalityRef>N0060501</NptgLocalityRef>
				<Location Precision="1m">
					<Easting>532195</Easting>
					<Northing>180590</Northing>
				</Location>
			</Place>
			<StopClassification>
				<StopType>FBT</StopType>
				<OffStreet>
					<Ferry>
						<Berth />
					</Ferry>
				</OffStreet>
			</StopClassification>
			<AdministrativeAreaRef>000</AdministrativeAreaRef>
			<Notes>Bankside Pier</Notes>
		</StopPoint>
		<StopPoint CreationDateTime="2016-03-18T00:00:00">
			<AtcoCode>9300EMB1</AtcoCode>
			<Descriptor>
				<CommonName>Embankment Pier</CommonName>
			</Descriptor>
			<Place>
				<NptgLocalityRef>N0077659</NptgLocalityRef>
				<Location Precision="1m">
					<Easting>530475</Easting>
					<Northing>180341</Northing>
				</Location>
			</Place>
			<StopClassification>
				<StopType>FBT</StopType>
				<OffStreet>
					<Ferry>
						<Berth />
					</Ferry>
				</OffStreet>
			</StopClassification>
			<AdministrativeAreaRef>000</AdministrativeAreaRef>
			<Notes>Embankment Pier</Notes>
		</StopPoint>
		<StopPoint CreationDateTime="2017-03-17T00:00:00">
			<AtcoCode>9300MBK2</AtcoCode>
			<Descriptor>
				<CommonName>Millbank Pier</CommonName>
			</Descriptor>
			<Place>
				<NptgLocalityRef>N0065177</NptgLocalityRef>
				<Location Precision="1m">
					<Easting>530293</Easting>
					<Northing>178641</Northing>
				</Location>
			</Place>
			<StopClassification>
				<StopType>FBT</StopType>
				<OffStreet>
					<Ferry>
						<Berth />
					</Ferry>
				</OffStreet>
			</StopClassification>
			<AdministrativeAreaRef>000</AdministrativeAreaRef>
			<Notes>Millbank Pier</Notes>
		</StopPoint>
		<StopPoint CreationDateTime="2017-12-07T00:00:00">
			<AtcoCode>9300BSP1</AtcoCode>
			<Descriptor>
				<CommonName>Battersea Power Station Pier</CommonName>
			</Descriptor>
			<Place>
				<NptgLocalityRef>E0034886</NptgLocalityRef>
				<Location Precision="1m">
					<Easting>528852</Easting>
					<Northing>177735</Northing>
				</Location>
			</Place>
			<StopClassification>
				<StopType>FBT</StopType>
				<OffStreet>
					<Ferry>
						<Berth />
					</Ferry>
				</OffStreet>
			</StopClassification>
			<AdministrativeAreaRef>000</AdministrativeAreaRef>
			<Notes>Battersea Power Station Pier</Notes>
		</StopPoint>
		<StopPoint CreationDateTime="2017-11-30T00:00:00">
			<AtcoCode>9300SGW1</AtcoCode>
			<Descriptor>
				<CommonName>Vauxhall St. George Wharf Pier</CommonName>
			</Descriptor>
			<Place>
				<NptgLocalityRef>E0034648</NptgLocalityRef>
				<Location Precision="1m">
					<Easting>530126</Easting>
					<Northing>178041</Northing>
				</Location>
			</Place>
			<StopClassification>
				<StopType>FBT</StopType>
				<OffStreet>
					<Ferry>
						<Berth />
					</Ferry>
				</OffStreet>
			</StopClassification>
			<AdministrativeAreaRef>000</AdministrativeAreaRef>
			<Notes>Vauxhall St. George Wharf Pier</Notes>
		</StopPoint>
		<StopPoint CreationDateTime="2016-10-18T00:00:00">
			<AtcoCode>9300BFR2</AtcoCode>
			<Descriptor>
				<CommonName>Blackfriars Pier</CommonName>
			</Descriptor>
			<Place>
				<NptgLocalityRef>N0077631</NptgLocalityRef>
				<Location Precision="1m">
					<Easting>531835</Easting>
					<Northing>180751</Northing>
				</Location>
			</Place>
			<StopClassification>
				<StopType>FBT</StopType>
				<OffStreet>
					<Ferry>
						<Berth />
					</Ferry>
				</OffStreet>
			</StopClassification>
			<AdministrativeAreaRef>000</AdministrativeAreaRef>
			<Notes>Blackfriars Pier</Notes>
		</StopPoint>
		<StopPoint CreationDateTime="2017-02-20T00:00:00">
			<AtcoCode>9300BFR1</AtcoCode>
			<Descriptor>
				<CommonName>Blackfriars Pier</CommonName>
			</Descriptor>
			<Place>
				<NptgLocalityRef>N0077631</NptgLocalityRef>
				<Location Precision="1m">
					<Easting>531827</Easting>
					<Northing>180751</Northing>
				</Location>
			</Place>
			<StopClassification>
				<StopType>FBT</StopType>
				<OffStreet>
					<Ferry>
						<Berth />
					</Ferry>
				</OffStreet>
			</StopClassification>
			<AdministrativeAreaRef>000</AdministrativeAreaRef>
			<Notes>Blackfriars Pier</Notes>
		</StopPoint>
		<StopPoint CreationDateTime="2017-11-30T00:00:00">
			<AtcoCode>9300SGW2</AtcoCode>
			<Descriptor>
				<CommonName>Vauxhall St. George Wharf Pier</CommonName>
			</Descriptor>
			<Place>
				<NptgLocalityRef>E0034648</NptgLocalityRef>
				<Location Precision="1m">
					<Easting>530126</Easting>
					<Northing>178042</Northing>
				</Location>
			</Place>
			<StopClassification>
				<StopType>FBT</StopType>
				<OffStreet>
					<Ferry>
						<Berth />
					</Ferry>
				</OffStreet>
			</StopClassification>
			<AdministrativeAreaRef>000</AdministrativeAreaRef>
			<Notes>Vauxhall St. George Wharf Pier</Notes>
		</StopPoint>
		<StopPoint CreationDateTime="2017-12-06T00:00:00">
			<AtcoCode>9300BSP2</AtcoCode>
			<Descriptor>
				<CommonName>Battersea Power Station Pier</CommonName>
			</Descriptor>
			<Place>
				<NptgLocalityRef>E0034886</NptgLocalityRef>
				<Location Precision="1m">
					<Easting>528852</Easting>
					<Northing>177736</Northing>
				</Location>
			</Place>
			<StopClassification>
				<StopType>FBT</StopType>
				<OffStreet>
					<Ferry>
						<Berth />
					</Ferry>
				</OffStreet>
			</StopClassification>
			<AdministrativeAreaRef>000</AdministrativeAreaRef>
			<Notes>Battersea Power Station Pier</Notes>
		</StopPoint>
	</StopPoints>
	<RouteSections>
		<RouteSection id="RS_33-RB2-_-y05-16-O-12">
			<RouteLink id="RL_33-RB2-_-y05-16-O-12-1">
				<From>
					<StopPointRef>9300LBR2</StopPointRef>
				</From>
				<To>
					<StopPointRef>9300SWK1</StopPointRef>
				</To>
				<Distance>992</Distance>
				<Direction>outbound</Direction>
			</RouteLink>
			<RouteLink id="RL_33-RB2-_-y05-16-O-12-2">
				<From>
					<StopPointRef>9300SWK1</StopPointRef>
				</From>
				<To>
					<StopPointRef>9300BFR1</StopPointRef>
				</To>
				<Distance>623</Distance>
				<Direction>outbound</Direction>
			</RouteLink>
			<RouteLink id="RL_33-RB2-_-y05-16-O-12-3">
				<From>
					<StopPointRef>9300BFR1</StopPointRef>
				</From>
				<To>
					<StopPointRef>9300EMB1</StopPointRef>
				</To>
				<Distance>1590</Distance>
				<Direction>outbound</Direction>
			</RouteLink>
			<RouteLink id="RL_33-RB2-_-y05-16-O-12-4">
				<From>
					<StopPointRef>9300EMB1</StopPointRef>
				</From>
				<To>
					<StopPointRef>9300MBK2</StopPointRef>
				</To>
				<Distance>1776</Distance>
				<Direction>outbound</Direction>
			</RouteLink>
			<RouteLink id="RL_33-RB2-_-y05-16-O-12-5">
				<From>
					<StopPointRef>9300MBK2</StopPointRef>
				</From>
				<To>
					<StopPointRef>9300SGW2</StopPointRef>
				</To>
				<Distance>728</Distance>
				<Direction>outbound</Direction>
			</RouteLink>
			<RouteLink id="RL_33-RB2-_-y05-16-O-12-6">
				<From>
					<StopPointRef>9300SGW2</StopPointRef>
				</From>
				<To>
					<StopPointRef>9300BSP2</StopPointRef>
				</To>
				<Distance>1374</Distance>
				<Direction>outbound</Direction>
			</RouteLink>
		</RouteSection>
		<RouteSection id="RS_33-RB2-_-y05-16-I-13">
			<RouteLink id="RL_33-RB2-_-y05-16-I-13-1">
				<From>
					<StopPointRef>9300BSP1</StopPointRef>
				</From>
				<To>
					<StopPointRef>9300SGW1</StopPointRef>
				</To>
				<Distance>1375</Distance>
				<Direction>inbound</Direction>
			</RouteLink>
			<RouteLink id="RL_33-RB2-_-y05-16-I-13-2">
				<From>
					<StopPointRef>9300SGW1</StopPointRef>
				</From>
				<To>
					<StopPointRef>9300MBK1</StopPointRef>
				</To>
				<Distance>667</Distance>
				<Direction>inbound</Direction>
			</RouteLink>
			<RouteLink id="RL_33-RB2-_-y05-16-I-13-3">
				<From>
					<StopPointRef>9300MBK1</StopPointRef>
				</From>
				<To>
					<StopPointRef>9300EMB2</StopPointRef>
				</To>
				<Distance>1856</Distance>
				<Direction>inbound</Direction>
			</RouteLink>
			<RouteLink id="RL_33-RB2-_-y05-16-I-13-4">
				<From>
					<StopPointRef>9300EMB2</StopPointRef>
				</From>
				<To>
					<StopPointRef>9300BFR2</StopPointRef>
				</To>
				<Distance>1454</Distance>
				<Direction>inbound</Direction>
			</RouteLink>
			<RouteLink id="RL_33-RB2-_-y05-16-I-13-5">
				<From>
					<StopPointRef>9300BFR2</StopPointRef>
				</From>
				<To>
					<StopPointRef>9300SWK3</StopPointRef>
				</To>
				<Distance>737</Distance>
				<Direction>inbound</Direction>
			</RouteLink>
			<RouteLink id="RL_33-RB2-_-y05-16-I-13-6">
				<From>
					<StopPointRef>9300SWK3</StopPointRef>
				</From>
				<To>
					<StopPointRef>9300LBR1</StopPointRef>
				</To>
				<Distance>968</Distance>
				<Direction>inbound</Direction>
			</RouteLink>
		</RouteSection>
	</RouteSections>
	<Routes>
		<Route id="R_33-RB2-_-y05-16-O-12">
			<PrivateCode>R_33-RB2-_-y05-16-O-12</PrivateCode>
			<Description>London Bridge City Pier - Battersea Power Station Pier</Description>
			<RouteSectionRef>RS_33-RB2-_-y05-16-O-12</RouteSectionRef>
		</Route>
		<Route id="R_33-RB2-_-y05-16-I-13">
			<PrivateCode>R_33-RB2-_-y05-16-I-13</PrivateCode>
			<Description>Battersea Power Station Pier - London Bridge City Pier</Description>
			<RouteSectionRef>RS_33-RB2-_-y05-16-I-13</RouteSectionRef>
		</Route>
	</Routes>
	<JourneyPatternSections>
		<JourneyPatternSection id="JPS_33-RB2-_-y05-16-15-12-O">
			<JourneyPatternTimingLink id="JPL_33-RB2-_-y05-16-15-O-12-2">
				<From SequenceNumber="1">
					<Activity>pickUp</Activity>
					<StopPointRef>9300LBR2</StopPointRef>
					<TimingStatus>PTP</TimingStatus>
				</From>
				<To SequenceNumber="2">
					<Activity>pickUpAndSetDown</Activity>
					<StopPointRef>9300SWK1</StopPointRef>
					<TimingStatus>PTP</TimingStatus>
				</To>
				<RouteLinkRef>RL_33-RB2-_-y05-16-O-12-1</RouteLinkRef>
				<RunTime>PT4M</RunTime>
			</JourneyPatternTimingLink>
			<JourneyPatternTimingLink id="JPL_33-RB2-_-y05-16-15-O-12-3">
				<From SequenceNumber="2">
					<Activity>pickUpAndSetDown</Activity>
					<StopPointRef>9300SWK1</StopPointRef>
					<TimingStatus>PTP</TimingStatus>
				</From>
				<To SequenceNumber="3">
					<Activity>pickUpAndSetDown</Activity>
					<StopPointRef>9300BFR1</StopPointRef>
					<TimingStatus>PTP</TimingStatus>
				</To>
				<RouteLinkRef>RL_33-RB2-_-y05-16-O-12-2</RouteLinkRef>
				<RunTime>PT3M</RunTime>
			</JourneyPatternTimingLink>
			<JourneyPatternTimingLink id="JPL_33-RB2-_-y05-16-15-O-12-4">
				<From SequenceNumber="3">
					<Activity>pickUpAndSetDown</Activity>
					<StopPointRef>9300BFR1</StopPointRef>
					<TimingStatus>PTP</TimingStatus>
				</From>
				<To SequenceNumber="4">
					<Activity>pickUpAndSetDown</Activity>
					<StopPointRef>9300EMB1</StopPointRef>
					<TimingStatus>PTP</TimingStatus>
				</To>
				<RouteLinkRef>RL_33-RB2-_-y05-16-O-12-3</RouteLinkRef>
				<RunTime>PT7M</RunTime>
			</JourneyPatternTimingLink>
			<JourneyPatternTimingLink id="JPL_33-RB2-_-y05-16-15-O-12-5">
				<From SequenceNumber="4">
					<Activity>pickUpAndSetDown</Activity>
					<StopPointRef>9300EMB1</StopPointRef>
					<TimingStatus>PTP</TimingStatus>
				</From>
				<To SequenceNumber="5">
					<Activity>pickUpAndSetDown</Activity>
					<StopPointRef>9300MBK2</StopPointRef>
					<TimingStatus>PTP</TimingStatus>
				</To>
				<RouteLinkRef>RL_33-RB2-_-y05-16-O-12-4</RouteLinkRef>
				<RunTime>PT8M</RunTime>
			</JourneyPatternTimingLink>
			<JourneyPatternTimingLink id="JPL_33-RB2-_-y05-16-15-O-12-6">
				<From SequenceNumber="5">
					<Activity>pickUpAndSetDown</Activity>
					<StopPointRef>9300MBK2</StopPointRef>
					<TimingStatus>PTP</TimingStatus>
				</From>
				<To SequenceNumber="6">
					<Activity>pickUpAndSetDown</Activity>
					<StopPointRef>9300SGW2</StopPointRef>
					<TimingStatus>PTP</TimingStatus>
				</To>
				<RouteLinkRef>RL_33-RB2-_-y05-16-O-12-5</RouteLinkRef>
				<RunTime>PT3M</RunTime>
			</JourneyPatternTimingLink>
			<JourneyPatternTimingLink id="JPL_33-RB2-_-y05-16-15-O-12-7">
				<From SequenceNumber="6">
					<Activity>pickUpAndSetDown</Activity>
					<StopPointRef>9300SGW2</StopPointRef>
					<TimingStatus>PTP</TimingStatus>
				</From>
				<To SequenceNumber="7">
					<Activity>setDown</Activity>
					<StopPointRef>9300BSP2</StopPointRef>
					<TimingStatus>PTP</TimingStatus>
				</To>
				<RouteLinkRef>RL_33-RB2-_-y05-16-O-12-6</RouteLinkRef>
				<RunTime>PT3M</RunTime>
			</JourneyPatternTimingLink>
		</JourneyPatternSection>
		<JourneyPatternSection id="JPS_33-RB2-_-y05-16-16-13-I">
			<JourneyPatternTimingLink id="JPL_33-RB2-_-y05-16-16-I-13-2">
				<From SequenceNumber="1">
					<Activity>pickUp</Activity>
					<StopPointRef>9300BSP1</StopPointRef>
					<TimingStatus>PTP</TimingStatus>
				</From>
				<To SequenceNumber="2">
					<Activity>pickUpAndSetDown</Activity>
					<StopPointRef>9300SGW1</StopPointRef>
					<TimingStatus>PTP</TimingStatus>
				</To>
				<RouteLinkRef>RL_33-RB2-_-y05-16-I-13-1</RouteLinkRef>
				<RunTime>PT5M</RunTime>
			</JourneyPatternTimingLink>
			<JourneyPatternTimingLink id="JPL_33-RB2-_-y05-16-16-I-13-3">
				<From SequenceNumber="2">
					<Activity>pickUpAndSetDown</Activity>
					<StopPointRef>9300SGW1</StopPointRef>
					<TimingStatus>PTP</TimingStatus>
				</From>
				<To SequenceNumber="3">
					<Activity>pickUpAndSetDown</Activity>
					<StopPointRef>9300MBK1</StopPointRef>
					<TimingStatus>PTP</TimingStatus>
				</To>
				<RouteLinkRef>RL_33-RB2-_-y05-16-I-13-2</RouteLinkRef>
				<RunTime>PT3M</RunTime>
			</JourneyPatternTimingLink>
			<JourneyPatternTimingLink id="JPL_33-RB2-_-y05-16-16-I-13-4">
				<From SequenceNumber="3">
					<Activity>pickUpAndSetDown</Activity>
					<StopPointRef>9300MBK1</StopPointRef>
					<TimingStatus>PTP</TimingStatus>
				</From>
				<To SequenceNumber="4">
					<Activity>pickUpAndSetDown</Activity>
					<StopPointRef>9300EMB2</StopPointRef>
					<TimingStatus>PTP</TimingStatus>
				</To>
				<RouteLinkRef>RL_33-RB2-_-y05-16-I-13-3</RouteLinkRef>
				<RunTime>PT9M</RunTime>
			</JourneyPatternTimingLink>
			<JourneyPatternTimingLink id="JPL_33-RB2-_-y05-16-16-I-13-5">
				<From SequenceNumber="4">
					<Activity>pickUpAndSetDown</Activity>
					<StopPointRef>9300EMB2</StopPointRef>
					<TimingStatus>PTP</TimingStatus>
				</From>
				<To SequenceNumber="5">
					<Activity>pickUpAndSetDown</Activity>
					<StopPointRef>9300BFR2</StopPointRef>
					<TimingStatus>PTP</TimingStatus>
				</To>
				<RouteLinkRef>RL_33-RB2-_-y05-16-I-13-4</RouteLinkRef>
				<RunTime>PT6M</RunTime>
			</JourneyPatternTimingLink>
			<JourneyPatternTimingLink id="JPL_33-RB2-_-y05-16-16-I-13-6">
				<From SequenceNumber="5">
					<Activity>pickUpAndSetDown</Activity>
					<StopPointRef>9300BFR2</StopPointRef>
					<TimingStatus>PTP</TimingStatus>
				</From>
				<To SequenceNumber="6">
					<Activity>pickUpAndSetDown</Activity>
					<StopPointRef>9300SWK3</StopPointRef>
					<TimingStatus>PTP</TimingStatus>
				</To>
				<RouteLinkRef>RL_33-RB2-_-y05-16-I-13-5</RouteLinkRef>
				<RunTime>PT3M</RunTime>
			</JourneyPatternTimingLink>
			<JourneyPatternTimingLink id="JPL_33-RB2-_-y05-16-16-I-13-7">
				<From SequenceNumber="6">
					<Activity>pickUpAndSetDown</Activity>
					<StopPointRef>9300SWK3</StopPointRef>
					<TimingStatus>PTP</TimingStatus>
				</From>
				<To SequenceNumber="7">
					<Activity>setDown</Activity>
					<StopPointRef>9300LBR1</StopPointRef>
					<TimingStatus>PTP</TimingStatus>
				</To>
				<RouteLinkRef>RL_33-RB2-_-y05-16-I-13-6</RouteLinkRef>
				<RunTime>PT2M</RunTime>
			</JourneyPatternTimingLink>
		</JourneyPatternSection>
	</JourneyPatternSections>
	<Operators>
		<Operator id="OId_CV">
			<OperatorCode>CV</OperatorCode>
			<OperatorShortName>MBNA THAMES CLIPPERS</OperatorShortName>
			<OperatorNameOnLicence>MBNA THAMES CLIPPERS</OperatorNameOnLicence>
			<TradingName>MBNA THAMES CLIPPERS</TradingName>
		</Operator>
	</Operators>
	<Services>
		<Service>
			<ServiceCode>33-RB2-_-y05-16</ServiceCode>
			<PrivateCode>33-RB2-_-y05-16</PrivateCode>
			<Lines>
				<Line id="33-RB2-_-y05-16">
					<LineName>RB2</LineName>
				</Line>
			</Lines>
			<OperatingPeriod>
				<StartDate>2017-12-31</StartDate>
				<EndDate>2017-12-31</EndDate>
			</OperatingPeriod>
			<OperatingProfile>
				<RegularDayType>
					<DaysOfWeek>
						<Weekend />
					</DaysOfWeek>
				</RegularDayType>
				<BankHolidayOperation>
					<DaysOfOperation>
						<AllBankHolidays />
					</DaysOfOperation>
					<DaysOfNonOperation />
				</BankHolidayOperation>
			</OperatingProfile>
			<RegisteredOperatorRef>OId_CV</RegisteredOperatorRef>
			<StopRequirements>
				<NoNewStopsRequired />
			</StopRequirements>
			<Mode>ferry</Mode>
			<Description>London Bridge - Embankment - Bankside</Description>
			<StandardService>
				<Origin>London Bridge City Pier</Origin>
				<Destination>Battersea Power Station Pier</Destination>
				<JourneyPattern id="JP_33-RB2-_-y05-16-15-O-12">
					<Direction>outbound</Direction>
					<Operational>
						<VehicleType>
							<VehicleTypeCode>FW</VehicleTypeCode>
							<Description>Ferry (Wheelchair accessible)</Description>
						</VehicleType>
					</Operational>
					<RouteRef>R_33-RB2-_-y05-16-O-12</RouteRef>
					<JourneyPatternSectionRefs>JPS_33-RB2-_-y05-16-15-12-O</JourneyPatternSectionRefs>
				</JourneyPattern>
				<JourneyPattern id="JP_33-RB2-_-y05-16-16-I-13">
					<Direction>inbound</Direction>
					<Operational>
						<VehicleType>
							<VehicleTypeCode>FW</VehicleTypeCode>
							<Description>Ferry (Wheelchair accessible)</Description>
						</VehicleType>
					</Operational>
					<RouteRef>R_33-RB2-_-y05-16-I-13</RouteRef>
					<JourneyPatternSectionRefs>JPS_33-RB2-_-y05-16-16-13-I</JourneyPatternSectionRefs>
				</JourneyPattern>
			</StandardService>
		</Service>
	</Services>
	<VehicleJourneys>
		<VehicleJourney>
			<PrivateCode>tfl-33-RB2-_-y05-16-1-T4</PrivateCode>
			<Operational>
				<VehicleType>
					<VehicleTypeCode>FW</VehicleTypeCode>
					<Description>Ferry (Wheelchair accessible)</Description>
				</VehicleType>
			</Operational>
			<VehicleJourneyCode>VJ_33-RB2-_-y05-16-1-T4</VehicleJourneyCode>
			<ServiceRef>33-RB2-_-y05-16</ServiceRef>
			<LineRef>33-RB2-_-y05-16</LineRef>
			<JourneyPatternRef>JP_33-RB2-_-y05-16-15-O-12</JourneyPatternRef>
			<DepartureTime>08:30:00</DepartureTime>
		</VehicleJourney>
		<VehicleJourney>
			<PrivateCode>tfl-33-RB2-_-y05-16-2-T4</PrivateCode>
			<Operational>
				<VehicleType>
					<VehicleTypeCode>FW</VehicleTypeCode>
					<Description>Ferry (Wheelchair accessible)</Description>
				</VehicleType>
			</Operational>
			<VehicleJourneyCode>VJ_33-RB2-_-y05-16-2-T4</VehicleJourneyCode>
			<ServiceRef>33-RB2-_-y05-16</ServiceRef>
			<LineRef>33-RB2-_-y05-16</LineRef>
			<JourneyPatternRef>JP_33-RB2-_-y05-16-15-O-12</JourneyPatternRef>
			<DepartureTime>09:00:00</DepartureTime>
		</VehicleJourney>
		<VehicleJourney>
			<PrivateCode>tfl-33-RB2-_-y05-16-3-T4</PrivateCode>
			<Operational>
				<VehicleType>
					<VehicleTypeCode>FW</VehicleTypeCode>
					<Description>Ferry (Wheelchair accessible)</Description>
				</VehicleType>
			</Operational>
			<VehicleJourneyCode>VJ_33-RB2-_-y05-16-3-T4</VehicleJourneyCode>
			<ServiceRef>33-RB2-_-y05-16</ServiceRef>
			<LineRef>33-RB2-_-y05-16</LineRef>
			<JourneyPatternRef>JP_33-RB2-_-y05-16-15-O-12</JourneyPatternRef>
			<DepartureTime>09:30:00</DepartureTime>
		</VehicleJourney>
		<VehicleJourney>
			<PrivateCode>tfl-33-RB2-_-y05-16-4-T4</PrivateCode>
			<Operational>
				<VehicleType>
					<VehicleTypeCode>FW</VehicleTypeCode>
					<Description>Ferry (Wheelchair accessible)</Description>
				</VehicleType>
			</Operational>
			<VehicleJourneyCode>VJ_33-RB2-_-y05-16-4-T4</VehicleJourneyCode>
			<ServiceRef>33-RB2-_-y05-16</ServiceRef>
			<LineRef>33-RB2-_-y05-16</LineRef>
			<JourneyPatternRef>JP_33-RB2-_-y05-16-15-O-12</JourneyPatternRef>
			<DepartureTime>10:00:00</DepartureTime>
		</VehicleJourney>
		<VehicleJourney>
			<PrivateCode>tfl-33-RB2-_-y05-16-5-T4</PrivateCode>
			<Operational>
				<VehicleType>
					<VehicleTypeCode>FW</VehicleTypeCode>
					<Description>Ferry (Wheelchair accessible)</Description>
				</VehicleType>
			</Operational>
			<VehicleJourneyCode>VJ_33-RB2-_-y05-16-5-T4</VehicleJourneyCode>
			<ServiceRef>33-RB2-_-y05-16</ServiceRef>
			<LineRef>33-RB2-_-y05-16</LineRef>
			<JourneyPatternRef>JP_33-RB2-_-y05-16-15-O-12</JourneyPatternRef>
			<DepartureTime>10:30:00</DepartureTime>
		</VehicleJourney>
		<VehicleJourney>
			<PrivateCode>tfl-33-RB2-_-y05-16-6-T4</PrivateCode>
			<Operational>
				<VehicleType>
					<VehicleTypeCode>FW</VehicleTypeCode>
					<Description>Ferry (Wheelchair accessible)</Description>
				</VehicleType>
			</Operational>
			<VehicleJourneyCode>VJ_33-RB2-_-y05-16-6-T4</VehicleJourneyCode>
			<ServiceRef>33-RB2-_-y05-16</ServiceRef>
			<LineRef>33-RB2-_-y05-16</LineRef>
			<JourneyPatternRef>JP_33-RB2-_-y05-16-15-O-12</JourneyPatternRef>
			<DepartureTime>11:00:00</DepartureTime>
		</VehicleJourney>
		<VehicleJourney>
			<PrivateCode>tfl-33-RB2-_-y05-16-7-T4</PrivateCode>
			<Operational>
				<VehicleType>
					<VehicleTypeCode>FW</VehicleTypeCode>
					<Description>Ferry (Wheelchair accessible)</Description>
				</VehicleType>
			</Operational>
			<VehicleJourneyCode>VJ_33-RB2-_-y05-16-7-T4</VehicleJourneyCode>
			<ServiceRef>33-RB2-_-y05-16</ServiceRef>
			<LineRef>33-RB2-_-y05-16</LineRef>
			<JourneyPatternRef>JP_33-RB2-_-y05-16-15-O-12</JourneyPatternRef>
			<DepartureTime>11:30:00</DepartureTime>
		</VehicleJourney>
		<VehicleJourney>
			<PrivateCode>tfl-33-RB2-_-y05-16-8-T4</PrivateCode>
			<Operational>
				<VehicleType>
					<VehicleTypeCode>FW</VehicleTypeCode>
					<Description>Ferry (Wheelchair accessible)</Description>
				</VehicleType>
			</Operational>
			<VehicleJourneyCode>VJ_33-RB2-_-y05-16-8-T4</VehicleJourneyCode>
			<ServiceRef>33-RB2-_-y05-16</ServiceRef>
			<LineRef>33-RB2-_-y05-16</LineRef>
			<JourneyPatternRef>JP_33-RB2-_-y05-16-15-O-12</JourneyPatternRef>
			<DepartureTime>12:00:00</DepartureTime>
		</VehicleJourney>
		<VehicleJourney>
			<PrivateCode>tfl-33-RB2-_-y05-16-9-T4</PrivateCode>
			<Operational>
				<VehicleType>
					<VehicleTypeCode>FW</VehicleTypeCode>
					<Description>Ferry (Wheelchair accessible)</Description>
				</VehicleType>
			</Operational>
			<VehicleJourneyCode>VJ_33-RB2-_-y05-16-9-T4</VehicleJourneyCode>
			<ServiceRef>33-RB2-_-y05-16</ServiceRef>
			<LineRef>33-RB2-_-y05-16</LineRef>
			<JourneyPatternRef>JP_33-RB2-_-y05-16-15-O-12</JourneyPatternRef>
			<DepartureTime>12:30:00</DepartureTime>
		</VehicleJourney>
		<VehicleJourney>
			<PrivateCode>tfl-33-RB2-_-y05-16-10-T4</PrivateCode>
			<Operational>
				<VehicleType>
					<VehicleTypeCode>FW</VehicleTypeCode>
					<Description>Ferry (Wheelchair accessible)</Description>
				</VehicleType>
			</Operational>
			<VehicleJourneyCode>VJ_33-RB2-_-y05-16-10-T4</VehicleJourneyCode>
			<ServiceRef>33-RB2-_-y05-16</ServiceRef>
			<LineRef>33-RB2-_-y05-16</LineRef>
			<JourneyPatternRef>JP_33-RB2-_-y05-16-15-O-12</JourneyPatternRef>
			<DepartureTime>13:00:00</DepartureTime>
		</VehicleJourney>
		<VehicleJourney>
			<PrivateCode>tfl-33-RB2-_-y05-16-11-T4</PrivateCode>
			<Operational>
				<VehicleType>
					<VehicleTypeCode>FW</VehicleTypeCode>
					<Description>Ferry (Wheelchair accessible)</Description>
				</VehicleType>
			</Operational>
			<VehicleJourneyCode>VJ_33-RB2-_-y05-16-11-T4</VehicleJourneyCode>
			<ServiceRef>33-RB2-_-y05-16</ServiceRef>
			<LineRef>33-RB2-_-y05-16</LineRef>
			<JourneyPatternRef>JP_33-RB2-_-y05-16-15-O-12</JourneyPatternRef>
			<DepartureTime>13:30:00</DepartureTime>
		</VehicleJourney>
		<VehicleJourney>
			<PrivateCode>tfl-33-RB2-_-y05-16-12-T4</PrivateCode>
			<Operational>
				<VehicleType>
					<VehicleTypeCode>FW</VehicleTypeCode>
					<Description>Ferry (Wheelchair accessible)</Description>
				</VehicleType>
			</Operational>
			<VehicleJourneyCode>VJ_33-RB2-_-y05-16-12-T4</VehicleJourneyCode>
			<ServiceRef>33-RB2-_-y05-16</ServiceRef>
			<LineRef>33-RB2-_-y05-16</LineRef>
			<JourneyPatternRef>JP_33-RB2-_-y05-16-15-O-12</JourneyPatternRef>
			<DepartureTime>14:00:00</DepartureTime>
		</VehicleJourney>
		<VehicleJourney>
			<PrivateCode>tfl-33-RB2-_-y05-16-13-T4</PrivateCode>
			<Operational>
				<VehicleType>
					<VehicleTypeCode>FW</VehicleTypeCode>
					<Description>Ferry (Wheelchair accessible)</Description>
				</VehicleType>
			</Operational>
			<VehicleJourneyCode>VJ_33-RB2-_-y05-16-13-T4</VehicleJourneyCode>
			<ServiceRef>33-RB2-_-y05-16</ServiceRef>
			<LineRef>33-RB2-_-y05-16</LineRef>
			<JourneyPatternRef>JP_33-RB2-_-y05-16-15-O-12</JourneyPatternRef>
			<DepartureTime>14:30:00</DepartureTime>
		</VehicleJourney>
		<VehicleJourney>
			<PrivateCode>tfl-33-RB2-_-y05-16-14-T4</PrivateCode>
			<Operational>
				<VehicleType>
					<VehicleTypeCode>FW</VehicleTypeCode>
					<Description>Ferry (Wheelchair accessible)</Description>
				</VehicleType>
			</Operational>
			<VehicleJourneyCode>VJ_33-RB2-_-y05-16-14-T4</VehicleJourneyCode>
			<ServiceRef>33-RB2-_-y05-16</ServiceRef>
			<LineRef>33-RB2-_-y05-16</LineRef>
			<JourneyPatternRef>JP_33-RB2-_-y05-16-16-I-13</JourneyPatternRef>
			<DepartureTime>08:00:00</DepartureTime>
		</VehicleJourney>
		<VehicleJourney>
			<PrivateCode>tfl-33-RB2-_-y05-16-15-T4</PrivateCode>
			<Operational>
				<VehicleType>
					<VehicleTypeCode>FW</VehicleTypeCode>
					<Description>Ferry (Wheelchair accessible)</Description>
				</VehicleType>
			</Operational>
			<VehicleJourneyCode>VJ_33-RB2-_-y05-16-15-T4</VehicleJourneyCode>
			<ServiceRef>33-RB2-_-y05-16</ServiceRef>
			<LineRef>33-RB2-_-y05-16</LineRef>
			<JourneyPatternRef>JP_33-RB2-_-y05-16-16-I-13</JourneyPatternRef>
			<DepartureTime>08:30:00</DepartureTime>
		</VehicleJourney>
		<VehicleJourney>
			<PrivateCode>tfl-33-RB2-_-y05-16-16-T4</PrivateCode>
			<Operational>
				<VehicleType>
					<VehicleTypeCode>FW</VehicleTypeCode>
					<Description>Ferry (Wheelchair accessible)</Description>
				</VehicleType>
			</Operational>
			<VehicleJourneyCode>VJ_33-RB2-_-y05-16-16-T4</VehicleJourneyCode>
			<ServiceRef>33-RB2-_-y05-16</ServiceRef>
			<LineRef>33-RB2-_-y05-16</LineRef>
			<JourneyPatternRef>JP_33-RB2-_-y05-16-16-I-13</JourneyPatternRef>
			<DepartureTime>09:00:00</DepartureTime>
		</VehicleJourney>
		<VehicleJourney>
			<PrivateCode>tfl-33-RB2-_-y05-16-17-T4</PrivateCode>
			<Operational>
				<VehicleType>
					<VehicleTypeCode>FW</VehicleTypeCode>
					<Description>Ferry (Wheelchair accessible)</Description>
				</VehicleType>
			</Operational>
			<VehicleJourneyCode>VJ_33-RB2-_-y05-16-17-T4</VehicleJourneyCode>
			<ServiceRef>33-RB2-_-y05-16</ServiceRef>
			<LineRef>33-RB2-_-y05-16</LineRef>
			<JourneyPatternRef>JP_33-RB2-_-y05-16-16-I-13</JourneyPatternRef>
			<DepartureTime>09:30:00</DepartureTime>
		</VehicleJourney>
		<VehicleJourney>
			<PrivateCode>tfl-33-RB2-_-y05-16-18-T4</PrivateCode>
			<Operational>
				<VehicleType>
					<VehicleTypeCode>FW</VehicleTypeCode>
					<Description>Ferry (Wheelchair accessible)</Description>
				</VehicleType>
			</Operational>
			<VehicleJourneyCode>VJ_33-RB2-_-y05-16-18-T4</VehicleJourneyCode>
			<ServiceRef>33-RB2-_-y05-16</ServiceRef>
			<LineRef>33-RB2-_-y05-16</LineRef>
			<JourneyPatternRef>JP_33-RB2-_-y05-16-16-I-13</JourneyPatternRef>
			<DepartureTime>10:00:00</DepartureTime>
		</VehicleJourney>
		<VehicleJourney>
			<PrivateCode>tfl-33-RB2-_-y05-16-19-T4</PrivateCode>
			<Operational>
				<VehicleType>
					<VehicleTypeCode>FW</VehicleTypeCode>
					<Description>Ferry (Wheelchair accessible)</Description>
				</VehicleType>
			</Operational>
			<VehicleJourneyCode>VJ_33-RB2-_-y05-16-19-T4</VehicleJourneyCode>
			<ServiceRef>33-RB2-_-y05-16</ServiceRef>
			<LineRef>33-RB2-_-y05-16</LineRef>
			<JourneyPatternRef>JP_33-RB2-_-y05-16-16-I-13</JourneyPatternRef>
			<DepartureTime>10:30:00</DepartureTime>
		</VehicleJourney>
		<VehicleJourney>
			<PrivateCode>tfl-33-RB2-_-y05-16-20-T4</PrivateCode>
			<Operational>
				<VehicleType>
					<VehicleTypeCode>FW</VehicleTypeCode>
					<Description>Ferry (Wheelchair accessible)</Description>
				</VehicleType>
			</Operational>
			<VehicleJourneyCode>VJ_33-RB2-_-y05-16-20-T4</VehicleJourneyCode>
			<ServiceRef>33-RB2-_-y05-16</ServiceRef>
			<LineRef>33-RB2-_-y05-16</LineRef>
			<JourneyPatternRef>JP_33-RB2-_-y05-16-16-I-13</JourneyPatternRef>
			<DepartureTime>11:00:00</DepartureTime>
		</VehicleJourney>
		<VehicleJourney>
			<PrivateCode>tfl-33-RB2-_-y05-16-21-T4</PrivateCode>
			<Operational>
				<VehicleType>
					<VehicleTypeCode>FW</VehicleTypeCode>
					<Description>Ferry (Wheelchair accessible)</Description>
				</VehicleType>
			</Operational>
			<VehicleJourneyCode>VJ_33-RB2-_-y05-16-21-T4</VehicleJourneyCode>
			<ServiceRef>33-RB2-_-y05-16</ServiceRef>
			<LineRef>33-RB2-_-y05-16</LineRef>
			<JourneyPatternRef>JP_33-RB2-_-y05-16-16-I-13</JourneyPatternRef>
			<DepartureTime>11:30:00</DepartureTime>
		</VehicleJourney>
		<VehicleJourney>
			<PrivateCode>tfl-33-RB2-_-y05-16-22-T4</PrivateCode>
			<Operational>
				<VehicleType>
					<VehicleTypeCode>FW</VehicleTypeCode>
					<Description>Ferry (Wheelchair accessible)</Description>
				</VehicleType>
			</Operational>
			<VehicleJourneyCode>VJ_33-RB2-_-y05-16-22-T4</VehicleJourneyCode>
			<ServiceRef>33-RB2-_-y05-16</ServiceRef>
			<LineRef>33-RB2-_-y05-16</LineRef>
			<JourneyPatternRef>JP_33-RB2-_-y05-16-16-I-13</JourneyPatternRef>
			<DepartureTime>12:00:00</DepartureTime>
		</VehicleJourney>
		<VehicleJourney>
			<PrivateCode>tfl-33-RB2-_-y05-16-23-T4</PrivateCode>
			<Operational>
				<VehicleType>
					<VehicleTypeCode>FW</VehicleTypeCode>
					<Description>Ferry (Wheelchair accessible)</Description>
				</VehicleType>
			</Operational>
			<VehicleJourneyCode>VJ_33-RB2-_-y05-16-23-T4</VehicleJourneyCode>
			<ServiceRef>33-RB2-_-y05-16</ServiceRef>
			<LineRef>33-RB2-_-y05-16</LineRef>
			<JourneyPatternRef>JP_33-RB2-_-y05-16-16-I-13</JourneyPatternRef>
			<DepartureTime>12:30:00</DepartureTime>
		</VehicleJourney>
		<VehicleJourney>
			<PrivateCode>tfl-33-RB2-_-y05-16-24-T4</PrivateCode>
			<Operational>
				<VehicleType>
					<VehicleTypeCode>FW</VehicleTypeCode>
					<Description>Ferry (Wheelchair accessible)</Description>
				</VehicleType>
			</Operational>
			<VehicleJourneyCode>VJ_33-RB2-_-y05-16-24-T4</VehicleJourneyCode>
			<ServiceRef>33-RB2-_-y05-16</ServiceRef>
			<LineRef>33-RB2-_-y05-16</LineRef>
			<JourneyPatternRef>JP_33-RB2-_-y05-16-16-I-13</JourneyPatternRef>
			<DepartureTime>13:00:00</DepartureTime>
		</VehicleJourney>
		<VehicleJourney>
			<PrivateCode>tfl-33-RB2-_-y05-16-25-T4</PrivateCode>
			<Operational>
				<VehicleType>
					<VehicleTypeCode>FW</VehicleTypeCode>
					<Description>Ferry (Wheelchair accessible)</Description>
				</VehicleType>
			</Operational>
			<VehicleJourneyCode>VJ_33-RB2-_-y05-16-25-T4</VehicleJourneyCode>
			<ServiceRef>33-RB2-_-y05-16</ServiceRef>
			<LineRef>33-RB2-_-y05-16</LineRef>
			<JourneyPatternRef>JP_33-RB2-_-y05-16-16-I-13</JourneyPatternRef>
			<DepartureTime>13:30:00</DepartureTime>
		</VehicleJourney>
		<VehicleJourney>
			<PrivateCode>tfl-33-RB2-_-y05-16-26-T4</PrivateCode>
			<Operational>
				<VehicleType>
					<VehicleTypeCode>FW</VehicleTypeCode>
					<Description>Ferry (Wheelchair accessible)</Description>
				</VehicleType>
			</Operational>
			<VehicleJourneyCode>VJ_33-RB2-_-y05-16-26-T4</VehicleJourneyCode>
			<ServiceRef>33-RB2-_-y05-16</ServiceRef>
			<LineRef>33-RB2-_-y05-16</LineRef>
			<JourneyPatternRef>JP_33-RB2-_-y05-16-16-I-13</JourneyPatternRef>
			<DepartureTime>14:00:00</DepartureTime>
		</VehicleJourney>
		<VehicleJourney>
			<PrivateCode>tfl-33-RB2-_-y05-16-27-T4</PrivateCode>
			<Operational>
				<VehicleType>
					<VehicleTypeCode>FW</VehicleTypeCode>
					<Description>Ferry (Wheelchair accessible)</Description>
				</VehicleType>
			</Operational>
			<VehicleJourneyCode>VJ_33-RB2-_-y05-16-27-T4</VehicleJourneyCode>
			<ServiceRef>33-RB2-_-y05-16</ServiceRef>
			<LineRef>33-RB2-_-y05-16</LineRef>
			<JourneyPatternRef>JP_33-RB2-_-y05-16-15-O-12</JourneyPatternRef>
			<DepartureTime>15:00:00</DepartureTime>
		</VehicleJourney>
		<VehicleJourney>
			<PrivateCode>tfl-33-RB2-_-y05-16-28-T4</PrivateCode>
			<Operational>
				<VehicleType>
					<VehicleTypeCode>FW</VehicleTypeCode>
					<Description>Ferry (Wheelchair accessible)</Description>
				</VehicleType>
			</Operational>
			<VehicleJourneyCode>VJ_33-RB2-_-y05-16-28-T4</VehicleJourneyCode>
			<ServiceRef>33-RB2-_-y05-16</ServiceRef>
			<LineRef>33-RB2-_-y05-16</LineRef>
			<JourneyPatternRef>JP_33-RB2-_-y05-16-15-O-12</JourneyPatternRef>
			<DepartureTime>15:30:00</DepartureTime>
		</VehicleJourney>
		<VehicleJourney>
			<PrivateCode>tfl-33-RB2-_-y05-16-29-T4</PrivateCode>
			<Operational>
				<VehicleType>
					<VehicleTypeCode>FW</VehicleTypeCode>
					<Description>Ferry (Wheelchair accessible)</Description>
				</VehicleType>
			</Operational>
			<VehicleJourneyCode>VJ_33-RB2-_-y05-16-29-T4</VehicleJourneyCode>
			<ServiceRef>33-RB2-_-y05-16</ServiceRef>
			<LineRef>33-RB2-_-y05-16</LineRef>
			<JourneyPatternRef>JP_33-RB2-_-y05-16-15-O-12</JourneyPatternRef>
			<DepartureTime>16:00:00</DepartureTime>
		</VehicleJourney>
		<VehicleJourney>
			<PrivateCode>tfl-33-RB2-_-y05-16-30-T4</PrivateCode>
			<Operational>
				<VehicleType>
					<VehicleTypeCode>FW</VehicleTypeCode>
					<Description>Ferry (Wheelchair accessible)</Description>
				</VehicleType>
			</Operational>
			<VehicleJourneyCode>VJ_33-RB2-_-y05-16-30-T4</VehicleJourneyCode>
			<ServiceRef>33-RB2-_-y05-16</ServiceRef>
			<LineRef>33-RB2-_-y05-16</LineRef>
			<JourneyPatternRef>JP_33-RB2-_-y05-16-15-O-12</JourneyPatternRef>
			<DepartureTime>16:30:00</DepartureTime>
		</VehicleJourney>
		<VehicleJourney>
			<PrivateCode>tfl-33-RB2-_-y05-16-31-T4</PrivateCode>
			<Operational>
				<VehicleType>
					<VehicleTypeCode>FW</VehicleTypeCode>
					<Description>Ferry (Wheelchair accessible)</Description>
				</VehicleType>
			</Operational>
			<VehicleJourneyCode>VJ_33-RB2-_-y05-16-31-T4</VehicleJourneyCode>
			<ServiceRef>33-RB2-_-y05-16</ServiceRef>
			<LineRef>33-RB2-_-y05-16</LineRef>
			<JourneyPatternRef>JP_33-RB2-_-y05-16-15-O-12</JourneyPatternRef>
			<DepartureTime>17:00:00</DepartureTime>
		</VehicleJourney>
		<VehicleJourney>
			<PrivateCode>tfl-33-RB2-_-y05-16-32-T4</PrivateCode>
			<Operational>
				<VehicleType>
					<VehicleTypeCode>FW</VehicleTypeCode>
					<Description>Ferry (Wheelchair accessible)</Description>
				</VehicleType>
			</Operational>
			<VehicleJourneyCode>VJ_33-RB2-_-y05-16-32-T4</VehicleJourneyCode>
			<ServiceRef>33-RB2-_-y05-16</ServiceRef>
			<LineRef>33-RB2-_-y05-16</LineRef>
			<JourneyPatternRef>JP_33-RB2-_-y05-16-15-O-12</JourneyPatternRef>
			<DepartureTime>17:30:00</DepartureTime>
		</VehicleJourney>
		<VehicleJourney>
			<PrivateCode>tfl-33-RB2-_-y05-16-38-T4</PrivateCode>
			<Operational>
				<VehicleType>
					<VehicleTypeCode>FW</VehicleTypeCode>
					<Description>Ferry (Wheelchair accessible)</Description>
				</VehicleType>
			</Operational>
			<VehicleJourneyCode>VJ_33-RB2-_-y05-16-38-T4</VehicleJourneyCode>
			<ServiceRef>33-RB2-_-y05-16</ServiceRef>
			<LineRef>33-RB2-_-y05-16</LineRef>
			<JourneyPatternRef>JP_33-RB2-_-y05-16-16-I-13</JourneyPatternRef>
			<DepartureTime>14:30:00</DepartureTime>
		</VehicleJourney>
		<VehicleJourney>
			<PrivateCode>tfl-33-RB2-_-y05-16-39-T4</PrivateCode>
			<Operational>
				<VehicleType>
					<VehicleTypeCode>FW</VehicleTypeCode>
					<Description>Ferry (Wheelchair accessible)</Description>
				</VehicleType>
			</Operational>
			<VehicleJourneyCode>VJ_33-RB2-_-y05-16-39-T4</VehicleJourneyCode>
			<ServiceRef>33-RB2-_-y05-16</ServiceRef>
			<LineRef>33-RB2-_-y05-16</LineRef>
			<JourneyPatternRef>JP_33-RB2-_-y05-16-16-I-13</JourneyPatternRef>
			<DepartureTime>15:00:00</DepartureTime>
		</VehicleJourney>
		<VehicleJourney>
			<PrivateCode>tfl-33-RB2-_-y05-16-40-T4</PrivateCode>
			<Operational>
				<VehicleType>
					<VehicleTypeCode>FW</VehicleTypeCode>
					<Description>Ferry (Wheelchair accessible)</Description>
				</VehicleType>
			</Operational>
			<VehicleJourneyCode>VJ_33-RB2-_-y05-16-40-T4</VehicleJourneyCode>
			<ServiceRef>33-RB2-_-y05-16</ServiceRef>
			<LineRef>33-RB2-_-y05-16</LineRef>
			<JourneyPatternRef>JP_33-RB2-_-y05-16-16-I-13</JourneyPatternRef>
			<DepartureTime>15:30:00</DepartureTime>
		</VehicleJourney>
		<VehicleJourney>
			<PrivateCode>tfl-33-RB2-_-y05-16-41-T4</PrivateCode>
			<Operational>
				<VehicleType>
					<VehicleTypeCode>FW</VehicleTypeCode>
					<Description>Ferry (Wheelchair accessible)</Description>
				</VehicleType>
			</Operational>
			<VehicleJourneyCode>VJ_33-RB2-_-y05-16-41-T4</VehicleJourneyCode>
			<ServiceRef>33-RB2-_-y05-16</ServiceRef>
			<LineRef>33-RB2-_-y05-16</LineRef>
			<JourneyPatternRef>JP_33-RB2-_-y05-16-16-I-13</JourneyPatternRef>
			<DepartureTime>16:00:00</DepartureTime>
		</VehicleJourney>
		<VehicleJourney>
			<PrivateCode>tfl-33-RB2-_-y05-16-42-T4</PrivateCode>
			<Operational>
				<VehicleType>
					<VehicleTypeCode>FW</VehicleTypeCode>
					<Description>Ferry (Wheelchair accessible)</Description>
				</VehicleType>
			</Operational>
			<VehicleJourneyCode>VJ_33-RB2-_-y05-16-42-T4</VehicleJourneyCode>
			<ServiceRef>33-RB2-_-y05-16</ServiceRef>
			<LineRef>33-RB2-_-y05-16</LineRef>
			<JourneyPatternRef>JP_33-RB2-_-y05-16-16-I-13</JourneyPatternRef>
			<DepartureTime>16:30:00</DepartureTime>
		</VehicleJourney>
		<VehicleJourney>
			<PrivateCode>tfl-33-RB2-_-y05-16-43-T4</PrivateCode>
			<Operational>
				<VehicleType>
					<VehicleTypeCode>FW</VehicleTypeCode>
					<Description>Ferry (Wheelchair accessible)</Description>
				</VehicleType>
			</Operational>
			<VehicleJourneyCode>VJ_33-RB2-_-y05-16-43-T4</VehicleJourneyCode>
			<ServiceRef>33-RB2-_-y05-16</ServiceRef>
			<LineRef>33-RB2-_-y05-16</LineRef>
			<JourneyPatternRef>JP_33-RB2-_-y05-16-16-I-13</JourneyPatternRef>
			<DepartureTime>17:00:00</DepartureTime>
		</VehicleJourney>
		<VehicleJourney>
			<PrivateCode>tfl-33-RB2-_-y05-16-44-T4</PrivateCode>
			<Operational>
				<VehicleType>
					<VehicleTypeCode>FW</VehicleTypeCode>
					<Description>Ferry (Wheelchair accessible)</Description>
				</VehicleType>
			</Operational>
			<VehicleJourneyCode>VJ_33-RB2-_-y05-16-44-T4</VehicleJourneyCode>
			<ServiceRef>33-RB2-_-y05-16</ServiceRef>
			<LineRef>33-RB2-_-y05-16</LineRef>
			<JourneyPatternRef>JP_33-RB2-_-y05-16-16-I-13</JourneyPatternRef>
			<DepartureTime>17:30:00</DepartureTime>
		</VehicleJourney>
		<VehicleJourney>
			<PrivateCode>tfl-33-RB2-_-y05-16-45-T4</PrivateCode>
			<Operational>
				<VehicleType>
					<VehicleTypeCode>FW</VehicleTypeCode>
					<Description>Ferry (Wheelchair accessible)</Description>
				</VehicleType>
			</Operational>
			<VehicleJourneyCode>VJ_33-RB2-_-y05-16-45-T4</VehicleJourneyCode>
			<ServiceRef>33-RB2-_-y05-16</ServiceRef>
			<LineRef>33-RB2-_-y05-16</LineRef>
			<JourneyPatternRef>JP_33-RB2-_-y05-16-16-I-13</JourneyPatternRef>
			<DepartureTime>18:00:00</DepartureTime>
		</VehicleJourney>
	</VehicleJourneys>
</TransXChange>