<?xml version="1.0" encoding="Windows-1252"?>
<TransXChange CreationDateTime="2017-12-11T17:17:41.4671299Z" ModificationDateTime="2017-12-11T17:17:41.4671299Z" Modification="new" FileName="tfl_31-TRS-_-y05-18.xml" RevisionNumber="3" SchemaVersion="2.1" xml:lang="en" xsi:schemaLocation="http://www.transxchange.org.uk/ http://www.transxchange.org.uk/schema/2.1/TransXChange_general.xsd" xmlns:xsi="http://www.w3.org/2001/XMLSchema-instance" xmlns="http://www.transxchange.org.uk/">
	<NptgLocalities>
		<AnnotatedNptgLocalityRef>
			<NptgLocalityRef>E0034961</NptgLocalityRef>
			<LocalityName>Westminster</LocalityName>
		</AnnotatedNptgLocalityRef>
		<AnnotatedNptgLocalityRef>
			<NptgLocalityRef>E0034863</NptgLocalityRef>
			<LocalityName>Wapping (London)</LocalityName>
		</AnnotatedNptgLocalityRef>
		<AnnotatedNptgLocalityRef>
			<NptgLocalityRef>E0034328</NptgLocalityRef>
			<LocalityName>Greenwich (London)</LocalityName>
		</AnnotatedNptgLocalityRef>
	</NptgLocalities>
	<StopPoints>
		<StopPoint CreationDateTime="2016-04-19T00:00:00">
			<AtcoCode>9300WMR1</AtcoCode>
			<Descriptor>
				<CommonName>Westminster Pier</CommonName>
			</Descriptor>
			<Place>
				<NptgLocalityRef>E0034961</NptgLocalityRef>
				<Location Precision="1m">
					<Easting>530353</Easting>
					<Northing>179753</Northing>
				</Location>
			</Place>
			<StopClassification>
				<StopType>FBT</StopType>
				<OffStreet>
					<Ferry>
						<Berth />
					</Ferry>
				</OffStreet>
			</StopClassification>
			<AdministrativeAreaRef>000</AdministrativeAreaRef>
			<Notes>Westminster Pier</Notes>
		</StopPoint>
		<StopPoint CreationDateTime="2016-04-18T00:00:00">
			<AtcoCode>9300STC1</AtcoCode>
			<Descriptor>
				<CommonName>St. Katharine's Pier</CommonName>
			</Descriptor>
			<Place>
				<NptgLocalityRef>E0034863</NptgLocalityRef>
				<Location Precision="1m">
					<Easting>533799</Easting>
					<Northing>180321</Northing>
				</Location>
			</Place>
			<StopClassification>
				<StopType>FBT</StopType>
				<OffStreet>
					<Ferry>
						<Berth />
					</Ferry>
				</OffStreet>
			</StopClassification>
			<AdministrativeAreaRef>000</AdministrativeAreaRef>
			<Notes>St. Katharine's Pier</Notes>
		</StopPoint>
		<StopPoint CreationDateTime="2016-01-19T00:00:00">
			<AtcoCode>9300GNW1</AtcoCode>
			<Descriptor>
				<CommonName>Greenwich Pier</CommonName>
			</Descriptor>
			<Place>
				<NptgLocalityRef>E0034328</NptgLocalityRef>
				<Location Precision="1m">
					<Easting>538362</Easting>
					<Northing>178017</Northing>
				</Location>
			</Place>
			<StopClassification>
				<StopType>FBT</StopType>
				<OffStreet>
					<Ferry>
						<Berth />
					</Ferry>
				</OffStreet>
			</StopClassification>
			<AdministrativeAreaRef>000</AdministrativeAreaRef>
			<Notes>Greenwich Pier</Notes>
		</StopPoint>
	</StopPoints>
	<RouteSections>
		<RouteSection id="RS_31-TRS-_-y05-18-O-1">
			<RouteLink id="RL_31-TRS-_-y05-18-O-1-1">
				<From>
					<StopPointRef>9300WMR1</StopPointRef>
				</From>
				<To>
					<StopPointRef>9300STC1</StopPointRef>
				</To>
				<Distance>4129</Distance>
				<Direction>outbound</Direction>
			</RouteLink>
			<RouteLink id="RL_31-TRS-_-y05-18-O-1-2">
				<From>
					<StopPointRef>9300STC1</StopPointRef>
				</From>
				<To>
					<StopPointRef>9300GNW1</StopPointRef>
				</To>
				<Distance>6785</Distance>
				<Direction>outbound</Direction>
			</RouteLink>
		</RouteSection>
		<RouteSection id="RS_31-TRS-_-y05-18-I-3">
			<RouteLink id="RL_31-TRS-_-y05-18-I-3-1">
				<From>
					<StopPointRef>9300GNW1</StopPointRef>
				</From>
				<To>
					<StopPointRef>9300STC1</StopPointRef>
				</To>
				<Distance>6785</Distance>
				<Direction>inbound</Direction>
			</RouteLink>
			<RouteLink id="RL_31-TRS-_-y05-18-I-3-2">
				<From>
					<StopPointRef>9300STC1</StopPointRef>
				</From>
				<To>
					<StopPointRef>9300WMR1</StopPointRef>
				</To>
				<Distance>4129</Distance>
				<Direction>inbound</Direction>
			</RouteLink>
		</RouteSection>
	</RouteSections>
	<Routes>
		<Route id="R_31-TRS-_-y05-18-O-1">
			<PrivateCode>R_31-TRS-_-y05-18-O-1</PrivateCode>
			<Description>Westminster Pier - Greenwich Pier</Description>
			<RouteSectionRef>RS_31-TRS-_-y05-18-O-1</RouteSectionRef>
		</Route>
		<Route id="R_31-TRS-_-y05-18-I-3">
			<PrivateCode>R_31-TRS-_-y05-18-I-3</PrivateCode>
			<Description>Greenwich Pier - Westminster Pier</Description>
			<RouteSectionRef>RS_31-TRS-_-y05-18-I-3</RouteSectionRef>
		</Route>
	</Routes>
	<JourneyPatternSections>
		<JourneyPatternSection id="JPS_31-TRS-_-y05-18-3-3-I">
			<JourneyPatternTimingLink id="JPL_31-TRS-_-y05-18-3-I-3-2">
				<From SequenceNumber="1">
					<Activity>pickUp</Activity>
					<StopPointRef>9300GNW1</StopPointRef>
					<TimingStatus>PTP</TimingStatus>
				</From>
				<To SequenceNumber="2">
					<Activity>pickUpAndSetDown</Activity>
					<StopPointRef>9300STC1</StopPointRef>
					<TimingStatus>PTP</TimingStatus>
				</To>
				<RouteLinkRef>RL_31-TRS-_-y05-18-I-3-1</RouteLinkRef>
				<RunTime>PT35M</RunTime>
			</JourneyPatternTimingLink>
			<JourneyPatternTimingLink id="JPL_31-TRS-_-y05-18-3-I-3-3">
				<From SequenceNumber="2">
					<Activity>pickUpAndSetDown</Activity>
					<StopPointRef>9300STC1</StopPointRef>
					<TimingStatus>PTP</TimingStatus>
				</From>
				<To SequenceNumber="3">
					<Activity>setDown</Activity>
					<StopPointRef>9300WMR1</StopPointRef>
					<TimingStatus>PTP</TimingStatus>
				</To>
				<RouteLinkRef>RL_31-TRS-_-y05-18-I-3-2</RouteLinkRef>
				<RunTime>PT25M</RunTime>
			</JourneyPatternTimingLink>
		</JourneyPatternSection>
		<JourneyPatternSection id="JPS_31-TRS-_-y05-18-1-1-O">
			<JourneyPatternTimingLink id="JPL_31-TRS-_-y05-18-1-O-1-2">
				<From SequenceNumber="1">
					<Activity>pickUp</Activity>
					<StopPointRef>9300WMR1</StopPointRef>
					<TimingStatus>PTP</TimingStatus>
				</From>
				<To SequenceNumber="2">
					<Activity>pickUpAndSetDown</Activity>
					<StopPointRef>9300STC1</StopPointRef>
					<TimingStatus>PTP</TimingStatus>
				</To>
				<RouteLinkRef>RL_31-TRS-_-y05-18-O-1-1</RouteLinkRef>
				<RunTime>PT20M</RunTime>
			</JourneyPatternTimingLink>
			<JourneyPatternTimingLink id="JPL_31-TRS-_-y05-18-1-O-1-3">
				<From SequenceNumber="2">
					<Activity>pickUpAndSetDown</Activity>
					<StopPointRef>9300STC1</StopPointRef>
					<TimingStatus>PTP</TimingStatus>
				</From>
				<To SequenceNumber="3">
					<Activity>setDown</Activity>
					<StopPointRef>9300GNW1</StopPointRef>
					<TimingStatus>PTP</TimingStatus>
				</To>
				<RouteLinkRef>RL_31-TRS-_-y05-18-O-1-2</RouteLinkRef>
				<RunTime>PT40M</RunTime>
			</JourneyPatternTimingLink>
		</JourneyPatternSection>
		<JourneyPatternSection id="JPS_31-TRS-_-y05-18-4-3-I">
			<JourneyPatternTimingLink id="JPL_31-TRS-_-y05-18-4-I-3-2">
				<From SequenceNumber="1">
					<Activity>pickUp</Activity>
					<StopPointRef>9300GNW1</StopPointRef>
					<TimingStatus>PTP</TimingStatus>
				</From>
				<To SequenceNumber="2">
					<Activity>pickUpAndSetDown</Activity>
					<StopPointRef>9300STC1</StopPointRef>
					<TimingStatus>PTP</TimingStatus>
				</To>
				<RouteLinkRef>RL_31-TRS-_-y05-18-I-3-1</RouteLinkRef>
				<RunTime>PT25M</RunTime>
			</JourneyPatternTimingLink>
			<JourneyPatternTimingLink id="JPL_31-TRS-_-y05-18-4-I-3-3">
				<From SequenceNumber="2">
					<Activity>pickUpAndSetDown</Activity>
					<StopPointRef>9300STC1</StopPointRef>
					<TimingStatus>PTP</TimingStatus>
				</From>
				<To SequenceNumber="3">
					<Activity>setDown</Activity>
					<StopPointRef>9300WMR1</StopPointRef>
					<TimingStatus>PTP</TimingStatus>
				</To>
				<RouteLinkRef>RL_31-TRS-_-y05-18-I-3-2</RouteLinkRef>
				<RunTime>PT35M</RunTime>
			</JourneyPatternTimingLink>
		</JourneyPatternSection>
	</JourneyPatternSections>
	<Operators>
		<Operator id="OId_TRS">
			<OperatorCode>TRS</OperatorCode>
			<OperatorShortName>Thames River Services</OperatorShortName>
			<OperatorNameOnLicence>Thames River Services</OperatorNameOnLicence>
			<TradingName>Thames River Services</TradingName>
		</Operator>
	</Operators>
	<Services>
		<Service>
			<ServiceCode>31-TRS-_-y05-18</ServiceCode>
			<PrivateCode>31-TRS-_-y05-18</PrivateCode>
			<Lines>
				<Line id="31-TRS-_-y05-18">
					<LineName>Thames River Services</LineName>
				</Line>
			</Lines>
			<OperatingPeriod>
				<StartDate>2017-12-09</StartDate>
				<EndDate>2018-04-01</EndDate>
			</OperatingPeriod>
			<OperatingProfile>
				<RegularDayType>
					<DaysOfWeek>
						<MondayToSunday />
					</DaysOfWeek>
				</RegularDayType>
				<BankHolidayOperation>
					<DaysOfOperation>
						<ChristmasDay />
						<BoxingDay />
						<GoodFriday />
						<NewYearsDay />
					</DaysOfOperation>
					<DaysOfNonOperation />
				</BankHolidayOperation>
			</OperatingProfile>
			<RegisteredOperatorRef>OId_TRS</RegisteredOperatorRef>
			<StopRequirements>
				<NoNewStopsRequired />
			</StopRequirements>
			<Mode>ferry</Mode>
			<Description>Westminster - St Katherine's - Greenwich</Description>
			<StandardService>
				<Origin>Westminster Pier</Origin>
				<Destination>Greenwich Pier</Destination>
				<JourneyPattern id="JP_31-TRS-_-y05-18-3-I-3">
					<Direction>inbound</Direction>
					<Operational>
						<VehicleType>
							<VehicleTypeCode>FE</VehicleTypeCode>
							<Description>Ferry</Description>
						</VehicleType>
					</Operational>
					<RouteRef>R_31-TRS-_-y05-18-I-3</RouteRef>
					<JourneyPatternSectionRefs>JPS_31-TRS-_-y05-18-3-3-I</JourneyPatternSectionRefs>
				</JourneyPattern>
				<JourneyPattern id="JP_31-TRS-_-y05-18-1-O-1">
					<Direction>outbound</Direction>
					<Operational>
						<VehicleType>
							<VehicleTypeCode>FE</VehicleTypeCode>
							<Description>Ferry</Description>
						</VehicleType>
					</Operational>
					<RouteRef>R_31-TRS-_-y05-18-O-1</RouteRef>
					<JourneyPatternSectionRefs>JPS_31-TRS-_-y05-18-1-1-O</JourneyPatternSectionRefs>
				</JourneyPattern>
				<JourneyPattern id="JP_31-TRS-_-y05-18-4-I-3">
					<Direction>inbound</Direction>
					<Operational>
						<VehicleType>
							<VehicleTypeCode>FE</VehicleTypeCode>
							<Description>Ferry</Description>
						</VehicleType>
					</Operational>
					<RouteRef>R_31-TRS-_-y05-18-I-3</RouteRef>
					<JourneyPatternSectionRefs>JPS_31-TRS-_-y05-18-4-3-I</JourneyPatternSectionRefs>
				</JourneyPattern>
			</StandardService>
		</Service>
	</Services>
	<VehicleJourneys>
		<VehicleJourney>
			<PrivateCode>tfl-31-TRS-_-y05-18-1-TA</PrivateCode>
			<Operational>
				<VehicleType>
					<VehicleTypeCode>FE</VehicleTypeCode>
					<Description>Ferry</Description>
				</VehicleType>
			</Operational>
			<VehicleJourneyCode>VJ_31-TRS-_-y05-18-1-TA</VehicleJourneyCode>
			<ServiceRef>31-TRS-_-y05-18</ServiceRef>
			<LineRef>31-TRS-_-y05-18</LineRef>
			<JourneyPatternRef>JP_31-TRS-_-y05-18-3-I-3</JourneyPatternRef>
			<DepartureTime>11:20:00</DepartureTime>
		</VehicleJourney>
		<VehicleJourney>
			<PrivateCode>tfl-31-TRS-_-y05-18-2-TA</PrivateCode>
			<Operational>
				<VehicleType>
					<VehicleTypeCode>FE</VehicleTypeCode>
					<Description>Ferry</Description>
				</VehicleType>
			</Operational>
			<VehicleJourneyCode>VJ_31-TRS-_-y05-18-2-TA</VehicleJourneyCode>
			<ServiceRef>31-TRS-_-y05-18</ServiceRef>
			<LineRef>31-TRS-_-y05-18</LineRef>
			<JourneyPatternRef>JP_31-TRS-_-y05-18-3-I-3</JourneyPatternRef>
			<DepartureTime>12:00:00</DepartureTime>
		</VehicleJourney>
		<VehicleJourney>
			<PrivateCode>tfl-31-TRS-_-y05-18-3-TA</PrivateCode>
			<Operational>
				<VehicleType>
					<VehicleTypeCode>FE</VehicleTypeCode>
					<Description>Ferry</Description>
				</VehicleType>
			</Operational>
			<VehicleJourneyCode>VJ_31-TRS-_-y05-18-3-TA</VehicleJourneyCode>
			<ServiceRef>31-TRS-_-y05-18</ServiceRef>
			<LineRef>31-TRS-_-y05-18</LineRef>
			<JourneyPatternRef>JP_31-TRS-_-y05-18-1-O-1</JourneyPatternRef>
			<DepartureTime>15:30:00</DepartureTime>
		</VehicleJourney>
		<VehicleJourney>
			<PrivateCode>tfl-31-TRS-_-y05-18-4-TA</PrivateCode>
			<Operational>
				<VehicleType>
					<VehicleTypeCode>FE</VehicleTypeCode>
					<Description>Ferry</Description>
				</VehicleType>
			</Operational>
			<VehicleJourneyCode>VJ_31-TRS-_-y05-18-4-TA</VehicleJourneyCode>
			<ServiceRef>31-TRS-_-y05-18</ServiceRef>
			<LineRef>31-TRS-_-y05-18</LineRef>
			<JourneyPatternRef>JP_31-TRS-_-y05-18-3-I-3</JourneyPatternRef>
			<DepartureTime>12:40:00</DepartureTime>
		</VehicleJourney>
		<VehicleJourney>
			<PrivateCode>tfl-31-TRS-_-y05-18-5-TA</PrivateCode>
			<Operational>
				<VehicleType>
					<VehicleTypeCode>FE</VehicleTypeCode>
					<Description>Ferry</Description>
				</VehicleType>
			</Operational>
			<VehicleJourneyCode>VJ_31-TRS-_-y05-18-5-TA</VehicleJourneyCode>
			<ServiceRef>31-TRS-_-y05-18</ServiceRef>
			<LineRef>31-TRS-_-y05-18</LineRef>
			<JourneyPatternRef>JP_31-TRS-_-y05-18-1-O-1</JourneyPatternRef>
			<DepartureTime>11:00:00</DepartureTime>
		</VehicleJourney>
		<VehicleJourney>
			<PrivateCode>tfl-31-TRS-_-y05-18-6-TA</PrivateCode>
			<Operational>
				<VehicleType>
					<VehicleTypeCode>FE</VehicleTypeCode>
					<Description>Ferry</Description>
				</VehicleType>
			</Operational>
			<VehicleJourneyCode>VJ_31-TRS-_-y05-18-6-TA</VehicleJourneyCode>
			<ServiceRef>31-TRS-_-y05-18</ServiceRef>
			<LineRef>31-TRS-_-y05-18</LineRef>
			<JourneyPatternRef>JP_31-TRS-_-y05-18-1-O-1</JourneyPatternRef>
			<DepartureTime>11:40:00</DepartureTime>
		</VehicleJourney>
		<VehicleJourney>
			<PrivateCode>tfl-31-TRS-_-y05-18-7-TA</PrivateCode>
			<Operational>
				<VehicleType>
					<VehicleTypeCode>FE</VehicleTypeCode>
					<Description>Ferry</Description>
				</VehicleType>
			</Operational>
			<VehicleJourneyCode>VJ_31-TRS-_-y05-18-7-TA</VehicleJourneyCode>
			<ServiceRef>31-TRS-_-y05-18</ServiceRef>
			<LineRef>31-TRS-_-y05-18</LineRef>
			<JourneyPatternRef>JP_31-TRS-_-y05-18-3-I-3</JourneyPatternRef>
			<DepartureTime>13:20:00</DepartureTime>
		</VehicleJourney>
		<VehicleJourney>
			<PrivateCode>tfl-31-TRS-_-y05-18-8-TA</PrivateCode>
			<Operational>
				<VehicleType>
					<VehicleTypeCode>FE</VehicleTypeCode>
					<Description>Ferry</Description>
				</VehicleType>
			</Operational>
			<VehicleJourneyCode>VJ_31-TRS-_-y05-18-8-TA</VehicleJourneyCode>
			<ServiceRef>31-TRS-_-y05-18</ServiceRef>
			<LineRef>31-TRS-_-y05-18</LineRef>
			<JourneyPatternRef>JP_31-TRS-_-y05-18-4-I-3</JourneyPatternRef>
			<DepartureTime>16:30:00</DepartureTime>
		</VehicleJourney>
		<VehicleJourney>
			<PrivateCode>tfl-31-TRS-_-y05-18-10-TA</PrivateCode>
			<Operational>
				<VehicleType>
					<VehicleTypeCode>FE</VehicleTypeCode>
					<Description>Ferry</Description>
				</VehicleType>
			</Operational>
			<VehicleJourneyCode>VJ_31-TRS-_-y05-18-10-TA</VehicleJourneyCode>
			<ServiceRef>31-TRS-_-y05-18</ServiceRef>
			<LineRef>31-TRS-_-y05-18</LineRef>
			<JourneyPatternRef>JP_31-TRS-_-y05-18-3-I-3</JourneyPatternRef>
			<DepartureTime>14:00:00</DepartureTime>
		</VehicleJourney>
		<VehicleJourney>
			<PrivateCode>tfl-31-TRS-_-y05-18-11-TA</PrivateCode>
			<Operational>
				<VehicleType>
					<VehicleTypeCode>FE</VehicleTypeCode>
					<Description>Ferry</Description>
				</VehicleType>
			</Operational>
			<VehicleJourneyCode>VJ_31-TRS-_-y05-18-11-TA</VehicleJourneyCode>
			<ServiceRef>31-TRS-_-y05-18</ServiceRef>
			<LineRef>31-TRS-_-y05-18</LineRef>
			<JourneyPatternRef>JP_31-TRS-_-y05-18-3-I-3</JourneyPatternRef>
			<DepartureTime>14:40:00</DepartureTime>
		</VehicleJourney>
		<VehicleJourney>
			<PrivateCode>tfl-31-TRS-_-y05-18-12-TA</PrivateCode>
			<Operational>
				<VehicleType>
					<VehicleTypeCode>FE</VehicleTypeCode>
					<Description>Ferry</Description>
				</VehicleType>
			</Operational>
			<VehicleJourneyCode>VJ_31-TRS-_-y05-18-12-TA</VehicleJourneyCode>
			<ServiceRef>31-TRS-_-y05-18</ServiceRef>
			<LineRef>31-TRS-_-y05-18</LineRef>
			<JourneyPatternRef>JP_31-TRS-_-y05-18-1-O-1</JourneyPatternRef>
			<DepartureTime>12:20:00</DepartureTime>
		</VehicleJourney>
		<VehicleJourney>
			<PrivateCode>tfl-31-TRS-_-y05-18-13-TA</PrivateCode>
			<Operational>
				<VehicleType>
					<VehicleTypeCode>FE</VehicleTypeCode>
					<Description>Ferry</Description>
				</VehicleType>
			</Operational>
			<VehicleJourneyCode>VJ_31-TRS-_-y05-18-13-TA</VehicleJourneyCode>
			<ServiceRef>31-TRS-_-y05-18</ServiceRef>
			<LineRef>31-TRS-_-y05-18</LineRef>
			<JourneyPatternRef>JP_31-TRS-_-y05-18-1-O-1</JourneyPatternRef>
			<DepartureTime>13:00:00</DepartureTime>
		</VehicleJourney>
		<VehicleJourney>
			<PrivateCode>tfl-31-TRS-_-y05-18-14-TA</PrivateCode>
			<Operational>
				<VehicleType>
					<VehicleTypeCode>FE</VehicleTypeCode>
					<Description>Ferry</Description>
				</VehicleType>
			</Operational>
			<VehicleJourneyCode>VJ_31-TRS-_-y05-18-14-TA</VehicleJourneyCode>
			<ServiceRef>31-TRS-_-y05-18</ServiceRef>
			<LineRef>31-TRS-_-y05-18</LineRef>
			<JourneyPatternRef>JP_31-TRS-_-y05-18-1-O-1</JourneyPatternRef>
			<DepartureTime>13:40:00</DepartureTime>
		</VehicleJourney>
		<VehicleJourney>
			<PrivateCode>tfl-31-TRS-_-y05-18-17-TA</PrivateCode>
			<Operational>
				<VehicleType>
					<VehicleTypeCode>FE</VehicleTypeCode>
					<Description>Ferry</Description>
				</VehicleType>
			</Operational>
			<VehicleJourneyCode>VJ_31-TRS-_-y05-18-17-TA</VehicleJourneyCode>
			<ServiceRef>31-TRS-_-y05-18</ServiceRef>
			<LineRef>31-TRS-_-y05-18</LineRef>
			<JourneyPatternRef>JP_31-TRS-_-y05-18-1-O-1</JourneyPatternRef>
			<DepartureTime>10:20:00</DepartureTime>
		</VehicleJourney>
		<VehicleJourney>
			<PrivateCode>tfl-31-TRS-_-y05-18-19-TA</PrivateCode>
			<Operational>
				<VehicleType>
					<VehicleTypeCode>FE</VehicleTypeCode>
					<Description>Ferry</Description>
				</VehicleType>
			</Operational>
			<VehicleJourneyCode>VJ_31-TRS-_-y05-18-19-TA</VehicleJourneyCode>
			<ServiceRef>31-TRS-_-y05-18</ServiceRef>
			<LineRef>31-TRS-_-y05-18</LineRef>
			<JourneyPatternRef>JP_31-TRS-_-y05-18-1-O-1</JourneyPatternRef>
			<DepartureTime>14:20:00</DepartureTime>
		</VehicleJourney>
		<VehicleJourney>
			<PrivateCode>tfl-31-TRS-_-y05-18-20-TA</PrivateCode>
			<Operational>
				<VehicleType>
					<VehicleTypeCode>FE</VehicleTypeCode>
					<Description>Ferry</Description>
				</VehicleType>
			</Operational>
			<VehicleJourneyCode>VJ_31-TRS-_-y05-18-20-TA</VehicleJourneyCode>
			<ServiceRef>31-TRS-_-y05-18</ServiceRef>
			<LineRef>31-TRS-_-y05-18</LineRef>
			<JourneyPatternRef>JP_31-TRS-_-y05-18-1-O-1</JourneyPatternRef>
			<DepartureTime>15:00:00</DepartureTime>
		</VehicleJourney>
		<VehicleJourney>
			<PrivateCode>tfl-31-TRS-_-y05-18-22-TA</PrivateCode>
			<Operational>
				<VehicleType>
					<VehicleTypeCode>FE</VehicleTypeCode>
					<Description>Ferry</Description>
				</VehicleType>
			</Operational>
			<VehicleJourneyCode>VJ_31-TRS-_-y05-18-22-TA</VehicleJourneyCode>
			<ServiceRef>31-TRS-_-y05-18</ServiceRef>
			<LineRef>31-TRS-_-y05-18</LineRef>
			<JourneyPatternRef>JP_31-TRS-_-y05-18-3-I-3</JourneyPatternRef>
			<DepartureTime>15:20:00</DepartureTime>
		</VehicleJourney>
		<VehicleJourney>
			<PrivateCode>tfl-31-TRS-_-y05-18-25-TA</PrivateCode>
			<Operational>
				<VehicleType>
					<VehicleTypeCode>FE</VehicleTypeCode>
					<Description>Ferry</Description>
				</VehicleType>
			</Operational>
			<VehicleJourneyCode>VJ_31-TRS-_-y05-18-25-TA</VehicleJourneyCode>
			<ServiceRef>31-TRS-_-y05-18</ServiceRef>
			<LineRef>31-TRS-_-y05-18</LineRef>
			<JourneyPatternRef>JP_31-TRS-_-y05-18-3-I-3</JourneyPatternRef>
			<DepartureTime>16:00:00</DepartureTime>
		</VehicleJourney>
	</VehicleJourneys>
</TransXChange>