<?xml version="1.0" encoding="Windows-1252"?>
<TransXChange CreationDateTime="2017-12-11T17:18:02.7054202Z" ModificationDateTime="2017-12-11T17:18:02.7054202Z" Modification="new" FileName="tfl_33-RB5-_-y05-6.xml" RevisionNumber="3" SchemaVersion="2.1" xml:lang="en" xsi:schemaLocation="http://www.transxchange.org.uk/ http://www.transxchange.org.uk/schema/2.1/TransXChange_general.xsd" xmlns:xsi="http://www.w3.org/2001/XMLSchema-instance" xmlns="http://www.transxchange.org.uk/">
	<NptgLocalities>
		<AnnotatedNptgLocalityRef>
			<NptgLocalityRef>N0077702</NptgLocalityRef>
			<LocalityName>North Greenwich</LocalityName>
		</AnnotatedNptgLocalityRef>
		<AnnotatedNptgLocalityRef>
			<NptgLocalityRef>E0034338</NptgLocalityRef>
			<LocalityName>Woolwich</LocalityName>
		</AnnotatedNptgLocalityRef>
	</NptgLocalities>
	<StopPoints>
		<StopPoint CreationDateTime="2016-02-16T00:00:00">
			<AtcoCode>9300MIL2</AtcoCode>
			<Descriptor>
				<CommonName>North Greenwich Pier</CommonName>
			</Descriptor>
			<Place>
				<NptgLocalityRef>N0077702</NptgLocalityRef>
				<Location Precision="1m">
					<Easting>539550</Easting>
					<Northing>180055</Northing>
				</Location>
			</Place>
			<StopClassification>
				<StopType>FBT</StopType>
				<OffStreet>
					<Ferry>
						<Berth />
					</Ferry>
				</OffStreet>
			</StopClassification>
			<AdministrativeAreaRef>000</AdministrativeAreaRef>
			<Notes>North Greenwich Pier</Notes>
		</StopPoint>
		<StopPoint CreationDateTime="2017-09-04T00:00:00">
			<AtcoCode>9300WAS1</AtcoCode>
			<Descriptor>
				<CommonName>Woolwich Royal Arsenal Pier</CommonName>
			</Descriptor>
			<Place>
				<NptgLocalityRef>E0034338</NptgLocalityRef>
				<Location Precision="1m">
					<Easting>543918</Easting>
					<Northing>179506</Northing>
				</Location>
			</Place>
			<StopClassification>
				<StopType>FBT</StopType>
				<OffStreet>
					<Ferry>
						<Berth />
					</Ferry>
				</OffStreet>
			</StopClassification>
			<AdministrativeAreaRef>000</AdministrativeAreaRef>
			<Notes>Woolwich Royal Arsenal Pier</Notes>
		</StopPoint>
		<StopPoint CreationDateTime="2016-02-16T00:00:00">
			<AtcoCode>9300MIL1</AtcoCode>
			<Descriptor>
				<CommonName>North Greenwich Pier</CommonName>
			</Descriptor>
			<Place>
				<NptgLocalityRef>N0077702</NptgLocalityRef>
				<Location Precision="1m">
					<Easting>539551</Easting>
					<Northing>180056</Northing>
				</Location>
			</Place>
			<StopClassification>
				<StopType>FBT</StopType>
				<OffStreet>
					<Ferry>
						<Berth />
					</Ferry>
				</OffStreet>
			</StopClassification>
			<AdministrativeAreaRef>000</AdministrativeAreaRef>
			<Notes>North Greenwich Pier</Notes>
		</StopPoint>
	</StopPoints>
	<RouteSections>
		<RouteSection id="RS_33-RB5-_-y05-6-I-1">
			<RouteLink id="RL_33-RB5-_-y05-6-I-1-1">
				<From>
					<StopPointRef>9300MIL2</StopPointRef>
				</From>
				<To>
					<StopPointRef>9300WAS1</StopPointRef>
				</To>
				<Distance>4887</Distance>
				<Direction>inbound</Direction>
			</RouteLink>
		</RouteSection>
		<RouteSection id="RS_33-RB5-_-y05-6-O-2">
			<RouteLink id="RL_33-RB5-_-y05-6-O-2-1">
				<From>
					<StopPointRef>9300WAS1</StopPointRef>
				</From>
				<To>
					<StopPointRef>9300MIL1</StopPointRef>
				</To>
				<Distance>4868</Distance>
				<Direction>outbound</Direction>
			</RouteLink>
		</RouteSection>
	</RouteSections>
	<Routes>
		<Route id="R_33-RB5-_-y05-6-I-1">
			<PrivateCode>R_33-RB5-_-y05-6-I-1</PrivateCode>
			<Description>North Greenwich Pier - Woolwich Royal Arsenal Pier</Description>
			<RouteSectionRef>RS_33-RB5-_-y05-6-I-1</RouteSectionRef>
		</Route>
		<Route id="R_33-RB5-_-y05-6-O-2">
			<PrivateCode>R_33-RB5-_-y05-6-O-2</PrivateCode>
			<Description>Woolwich Royal Arsenal Pier - North Greenwich Pier</Description>
			<RouteSectionRef>RS_33-RB5-_-y05-6-O-2</RouteSectionRef>
		</Route>
	</Routes>
	<JourneyPatternSections>
		<JourneyPatternSection id="JPS_33-RB5-_-y05-6-2-2-O">
			<JourneyPatternTimingLink id="JPL_33-RB5-_-y05-6-2-O-2-2">
				<From SequenceNumber="1">
					<Activity>pickUp</Activity>
					<StopPointRef>9300WAS1</StopPointRef>
					<TimingStatus>PTP</TimingStatus>
				</From>
				<To SequenceNumber="2">
					<Activity>setDown</Activity>
					<StopPointRef>9300MIL1</StopPointRef>
					<TimingStatus>PTP</TimingStatus>
				</To>
				<RouteLinkRef>RL_33-RB5-_-y05-6-O-2-1</RouteLinkRef>
				<RunTime>PT10M</RunTime>
			</JourneyPatternTimingLink>
		</JourneyPatternSection>
		<JourneyPatternSection id="JPS_33-RB5-_-y05-6-1-1-I">
			<JourneyPatternTimingLink id="JPL_33-RB5-_-y05-6-1-I-1-2">
				<From SequenceNumber="1">
					<Activity>pickUp</Activity>
					<StopPointRef>9300MIL2</StopPointRef>
					<TimingStatus>PTP</TimingStatus>
				</From>
				<To SequenceNumber="2">
					<Activity>setDown</Activity>
					<StopPointRef>9300WAS1</StopPointRef>
					<TimingStatus>PTP</TimingStatus>
				</To>
				<RouteLinkRef>RL_33-RB5-_-y05-6-I-1-1</RouteLinkRef>
				<RunTime>PT10M</RunTime>
			</JourneyPatternTimingLink>
		</JourneyPatternSection>
	</JourneyPatternSections>
	<Operators>
		<Operator id="OId_CV">
			<OperatorCode>CV</OperatorCode>
			<OperatorShortName>MBNA THAMES CLIPPERS</OperatorShortName>
			<OperatorNameOnLicence>MBNA THAMES CLIPPERS</OperatorNameOnLicence>
			<TradingName>MBNA THAMES CLIPPERS</TradingName>
		</Operator>
	</Operators>
	<Services>
		<Service>
			<ServiceCode>33-RB5-_-y05-6</ServiceCode>
			<PrivateCode>33-RB5-_-y05-6</PrivateCode>
			<Lines>
				<Line id="33-RB5-_-y05-6">
					<LineName>RB5</LineName>
				</Line>
			</Lines>
			<OperatingPeriod>
				<StartDate>2017-12-31</StartDate>
				<EndDate>2017-12-31</EndDate>
			</OperatingPeriod>
			<OperatingProfile>
				<RegularDayType>
					<DaysOfWeek>
						<Weekend />
					</DaysOfWeek>
				</RegularDayType>
				<BankHolidayOperation>
					<DaysOfOperation>
						<AllBankHolidays />
					</DaysOfOperation>
					<DaysOfNonOperation />
				</BankHolidayOperation>
			</OperatingProfile>
			<RegisteredOperatorRef>OId_CV</RegisteredOperatorRef>
			<StopRequirements>
				<NoNewStopsRequired />
			</StopRequirements>
			<Mode>ferry</Mode>
			<Description>Woolwich Arsenal - North Greenwich</Description>
			<StandardService>
				<Origin>Woolwich Royal Arsenal Pier</Origin>
				<Destination>North Greenwich Pier</Destination>
				<JourneyPattern id="JP_33-RB5-_-y05-6-2-O-2">
					<Direction>outbound</Direction>
					<Operational>
						<VehicleType>
							<VehicleTypeCode>FE</VehicleTypeCode>
							<Description>Ferry</Description>
						</VehicleType>
					</Operational>
					<RouteRef>R_33-RB5-_-y05-6-O-2</RouteRef>
					<JourneyPatternSectionRefs>JPS_33-RB5-_-y05-6-2-2-O</JourneyPatternSectionRefs>
				</JourneyPattern>
				<JourneyPattern id="JP_33-RB5-_-y05-6-1-I-1">
					<Direction>inbound</Direction>
					<Operational>
						<VehicleType>
							<VehicleTypeCode>FE</VehicleTypeCode>
							<Description>Ferry</Description>
						</VehicleType>
					</Operational>
					<RouteRef>R_33-RB5-_-y05-6-I-1</RouteRef>
					<JourneyPatternSectionRefs>JPS_33-RB5-_-y05-6-1-1-I</JourneyPatternSectionRefs>
				</JourneyPattern>
			</StandardService>
		</Service>
	</Services>
	<VehicleJourneys>
		<VehicleJourney>
			<PrivateCode>tfl-33-RB5-_-y05-6-1-T4</PrivateCode>
			<Operational>
				<VehicleType>
					<VehicleTypeCode>FE</VehicleTypeCode>
					<Description>Ferry</Description>
				</VehicleType>
			</Operational>
			<VehicleJourneyCode>VJ_33-RB5-_-y05-6-1-T4</VehicleJourneyCode>
			<ServiceRef>33-RB5-_-y05-6</ServiceRef>
			<LineRef>33-RB5-_-y05-6</LineRef>
			<JourneyPatternRef>JP_33-RB5-_-y05-6-2-O-2</JourneyPatternRef>
			<DepartureTime>11:02:00</DepartureTime>
		</VehicleJourney>
		<VehicleJourney>
			<PrivateCode>tfl-33-RB5-_-y05-6-2-T4</PrivateCode>
			<Operational>
				<VehicleType>
					<VehicleTypeCode>FE</VehicleTypeCode>
					<Description>Ferry</Description>
				</VehicleType>
			</Operational>
			<VehicleJourneyCode>VJ_33-RB5-_-y05-6-2-T4</VehicleJourneyCode>
			<ServiceRef>33-RB5-_-y05-6</ServiceRef>
			<LineRef>33-RB5-_-y05-6</LineRef>
			<JourneyPatternRef>JP_33-RB5-_-y05-6-2-O-2</JourneyPatternRef>
			<DepartureTime>11:32:00</DepartureTime>
		</VehicleJourney>
		<VehicleJourney>
			<PrivateCode>tfl-33-RB5-_-y05-6-3-T4</PrivateCode>
			<Operational>
				<VehicleType>
					<VehicleTypeCode>FE</VehicleTypeCode>
					<Description>Ferry</Description>
				</VehicleType>
			</Operational>
			<VehicleJourneyCode>VJ_33-RB5-_-y05-6-3-T4</VehicleJourneyCode>
			<ServiceRef>33-RB5-_-y05-6</ServiceRef>
			<LineRef>33-RB5-_-y05-6</LineRef>
			<JourneyPatternRef>JP_33-RB5-_-y05-6-2-O-2</JourneyPatternRef>
			<DepartureTime>12:02:00</DepartureTime>
		</VehicleJourney>
		<VehicleJourney>
			<PrivateCode>tfl-33-RB5-_-y05-6-4-T4</PrivateCode>
			<Operational>
				<VehicleType>
					<VehicleTypeCode>FE</VehicleTypeCode>
					<Description>Ferry</Description>
				</VehicleType>
			</Operational>
			<VehicleJourneyCode>VJ_33-RB5-_-y05-6-4-T4</VehicleJourneyCode>
			<ServiceRef>33-RB5-_-y05-6</ServiceRef>
			<LineRef>33-RB5-_-y05-6</LineRef>
			<JourneyPatternRef>JP_33-RB5-_-y05-6-2-O-2</JourneyPatternRef>
			<DepartureTime>12:32:00</DepartureTime>
		</VehicleJourney>
		<VehicleJourney>
			<PrivateCode>tfl-33-RB5-_-y05-6-5-T4</PrivateCode>
			<Operational>
				<VehicleType>
					<VehicleTypeCode>FE</VehicleTypeCode>
					<Description>Ferry</Description>
				</VehicleType>
			</Operational>
			<VehicleJourneyCode>VJ_33-RB5-_-y05-6-5-T4</VehicleJourneyCode>
			<ServiceRef>33-RB5-_-y05-6</ServiceRef>
			<LineRef>33-RB5-_-y05-6</LineRef>
			<JourneyPatternRef>JP_33-RB5-_-y05-6-2-O-2</JourneyPatternRef>
			<DepartureTime>13:02:00</DepartureTime>
		</VehicleJourney>
		<VehicleJourney>
			<PrivateCode>tfl-33-RB5-_-y05-6-6-T4</PrivateCode>
			<Operational>
				<VehicleType>
					<VehicleTypeCode>FE</VehicleTypeCode>
					<Description>Ferry</Description>
				</VehicleType>
			</Operational>
			<VehicleJourneyCode>VJ_33-RB5-_-y05-6-6-T4</VehicleJourneyCode>
			<ServiceRef>33-RB5-_-y05-6</ServiceRef>
			<LineRef>33-RB5-_-y05-6</LineRef>
			<JourneyPatternRef>JP_33-RB5-_-y05-6-2-O-2</JourneyPatternRef>
			<DepartureTime>13:32:00</DepartureTime>
		</VehicleJourney>
		<VehicleJourney>
			<PrivateCode>tfl-33-RB5-_-y05-6-7-T4</PrivateCode>
			<Operational>
				<VehicleType>
					<VehicleTypeCode>FE</VehicleTypeCode>
					<Description>Ferry</Description>
				</VehicleType>
			</Operational>
			<VehicleJourneyCode>VJ_33-RB5-_-y05-6-7-T4</VehicleJourneyCode>
			<ServiceRef>33-RB5-_-y05-6</ServiceRef>
			<LineRef>33-RB5-_-y05-6</LineRef>
			<JourneyPatternRef>JP_33-RB5-_-y05-6-2-O-2</JourneyPatternRef>
			<DepartureTime>14:02:00</DepartureTime>
		</VehicleJourney>
		<VehicleJourney>
			<PrivateCode>tfl-33-RB5-_-y05-6-8-T4</PrivateCode>
			<Operational>
				<VehicleType>
					<VehicleTypeCode>FE</VehicleTypeCode>
					<Description>Ferry</Description>
				</VehicleType>
			</Operational>
			<VehicleJourneyCode>VJ_33-RB5-_-y05-6-8-T4</VehicleJourneyCode>
			<ServiceRef>33-RB5-_-y05-6</ServiceRef>
			<LineRef>33-RB5-_-y05-6</LineRef>
			<JourneyPatternRef>JP_33-RB5-_-y05-6-2-O-2</JourneyPatternRef>
			<DepartureTime>14:32:00</DepartureTime>
		</VehicleJourney>
		<VehicleJourney>
			<PrivateCode>tfl-33-RB5-_-y05-6-9-T4</PrivateCode>
			<Operational>
				<VehicleType>
					<VehicleTypeCode>FE</VehicleTypeCode>
					<Description>Ferry</Description>
				</VehicleType>
			</Operational>
			<VehicleJourneyCode>VJ_33-RB5-_-y05-6-9-T4</VehicleJourneyCode>
			<ServiceRef>33-RB5-_-y05-6</ServiceRef>
			<LineRef>33-RB5-_-y05-6</LineRef>
			<JourneyPatternRef>JP_33-RB5-_-y05-6-2-O-2</JourneyPatternRef>
			<DepartureTime>15:02:00</DepartureTime>
		</VehicleJourney>
		<VehicleJourney>
			<PrivateCode>tfl-33-RB5-_-y05-6-10-T4</PrivateCode>
			<Operational>
				<VehicleType>
					<VehicleTypeCode>FE</VehicleTypeCode>
					<Description>Ferry</Description>
				</VehicleType>
			</Operational>
			<VehicleJourneyCode>VJ_33-RB5-_-y05-6-10-T4</VehicleJourneyCode>
			<ServiceRef>33-RB5-_-y05-6</ServiceRef>
			<LineRef>33-RB5-_-y05-6</LineRef>
			<JourneyPatternRef>JP_33-RB5-_-y05-6-2-O-2</JourneyPatternRef>
			<DepartureTime>15:32:00</DepartureTime>
		</VehicleJourney>
		<VehicleJourney>
			<PrivateCode>tfl-33-RB5-_-y05-6-11-T4</PrivateCode>
			<Operational>
				<VehicleType>
					<VehicleTypeCode>FE</VehicleTypeCode>
					<Description>Ferry</Description>
				</VehicleType>
			</Operational>
			<VehicleJourneyCode>VJ_33-RB5-_-y05-6-11-T4</VehicleJourneyCode>
			<ServiceRef>33-RB5-_-y05-6</ServiceRef>
			<LineRef>33-RB5-_-y05-6</LineRef>
			<JourneyPatternRef>JP_33-RB5-_-y05-6-1-I-1</JourneyPatternRef>
			<DepartureTime>11:17:00</DepartureTime>
		</VehicleJourney>
		<VehicleJourney>
			<PrivateCode>tfl-33-RB5-_-y05-6-12-T4</PrivateCode>
			<Operational>
				<VehicleType>
					<VehicleTypeCode>FE</VehicleTypeCode>
					<Description>Ferry</Description>
				</VehicleType>
			</Operational>
			<VehicleJourneyCode>VJ_33-RB5-_-y05-6-12-T4</VehicleJourneyCode>
			<ServiceRef>33-RB5-_-y05-6</ServiceRef>
			<LineRef>33-RB5-_-y05-6</LineRef>
			<JourneyPatternRef>JP_33-RB5-_-y05-6-1-I-1</JourneyPatternRef>
			<DepartureTime>11:47:00</DepartureTime>
		</VehicleJourney>
		<VehicleJourney>
			<PrivateCode>tfl-33-RB5-_-y05-6-13-T4</PrivateCode>
			<Operational>
				<VehicleType>
					<VehicleTypeCode>FE</VehicleTypeCode>
					<Description>Ferry</Description>
				</VehicleType>
			</Operational>
			<VehicleJourneyCode>VJ_33-RB5-_-y05-6-13-T4</VehicleJourneyCode>
			<ServiceRef>33-RB5-_-y05-6</ServiceRef>
			<LineRef>33-RB5-_-y05-6</LineRef>
			<JourneyPatternRef>JP_33-RB5-_-y05-6-1-I-1</JourneyPatternRef>
			<DepartureTime>12:17:00</DepartureTime>
		</VehicleJourney>
		<VehicleJourney>
			<PrivateCode>tfl-33-RB5-_-y05-6-14-T4</PrivateCode>
			<Operational>
				<VehicleType>
					<VehicleTypeCode>FE</VehicleTypeCode>
					<Description>Ferry</Description>
				</VehicleType>
			</Operational>
			<VehicleJourneyCode>VJ_33-RB5-_-y05-6-14-T4</VehicleJourneyCode>
			<ServiceRef>33-RB5-_-y05-6</ServiceRef>
			<LineRef>33-RB5-_-y05-6</LineRef>
			<JourneyPatternRef>JP_33-RB5-_-y05-6-1-I-1</JourneyPatternRef>
			<DepartureTime>12:47:00</DepartureTime>
		</VehicleJourney>
		<VehicleJourney>
			<PrivateCode>tfl-33-RB5-_-y05-6-15-T4</PrivateCode>
			<Operational>
				<VehicleType>
					<VehicleTypeCode>FE</VehicleTypeCode>
					<Description>Ferry</Description>
				</VehicleType>
			</Operational>
			<VehicleJourneyCode>VJ_33-RB5-_-y05-6-15-T4</VehicleJourneyCode>
			<ServiceRef>33-RB5-_-y05-6</ServiceRef>
			<LineRef>33-RB5-_-y05-6</LineRef>
			<JourneyPatternRef>JP_33-RB5-_-y05-6-1-I-1</JourneyPatternRef>
			<DepartureTime>13:17:00</DepartureTime>
		</VehicleJourney>
		<VehicleJourney>
			<PrivateCode>tfl-33-RB5-_-y05-6-16-T4</PrivateCode>
			<Operational>
				<VehicleType>
					<VehicleTypeCode>FE</VehicleTypeCode>
					<Description>Ferry</Description>
				</VehicleType>
			</Operational>
			<VehicleJourneyCode>VJ_33-RB5-_-y05-6-16-T4</VehicleJourneyCode>
			<ServiceRef>33-RB5-_-y05-6</ServiceRef>
			<LineRef>33-RB5-_-y05-6</LineRef>
			<JourneyPatternRef>JP_33-RB5-_-y05-6-1-I-1</JourneyPatternRef>
			<DepartureTime>13:47:00</DepartureTime>
		</VehicleJourney>
		<VehicleJourney>
			<PrivateCode>tfl-33-RB5-_-y05-6-17-T4</PrivateCode>
			<Operational>
				<VehicleType>
					<VehicleTypeCode>FE</VehicleTypeCode>
					<Description>Ferry</Description>
				</VehicleType>
			</Operational>
			<VehicleJourneyCode>VJ_33-RB5-_-y05-6-17-T4</VehicleJourneyCode>
			<ServiceRef>33-RB5-_-y05-6</ServiceRef>
			<LineRef>33-RB5-_-y05-6</LineRef>
			<JourneyPatternRef>JP_33-RB5-_-y05-6-1-I-1</JourneyPatternRef>
			<DepartureTime>14:17:00</DepartureTime>
		</VehicleJourney>
		<VehicleJourney>
			<PrivateCode>tfl-33-RB5-_-y05-6-18-T4</PrivateCode>
			<Operational>
				<VehicleType>
					<VehicleTypeCode>FE</VehicleTypeCode>
					<Description>Ferry</Description>
				</VehicleType>
			</Operational>
			<VehicleJourneyCode>VJ_33-RB5-_-y05-6-18-T4</VehicleJourneyCode>
			<ServiceRef>33-RB5-_-y05-6</ServiceRef>
			<LineRef>33-RB5-_-y05-6</LineRef>
			<JourneyPatternRef>JP_33-RB5-_-y05-6-1-I-1</JourneyPatternRef>
			<DepartureTime>14:47:00</DepartureTime>
		</VehicleJourney>
		<VehicleJourney>
			<PrivateCode>tfl-33-RB5-_-y05-6-19-T4</PrivateCode>
			<Operational>
				<VehicleType>
					<VehicleTypeCode>FE</VehicleTypeCode>
					<Description>Ferry</Description>
				</VehicleType>
			</Operational>
			<VehicleJourneyCode>VJ_33-RB5-_-y05-6-19-T4</VehicleJourneyCode>
			<ServiceRef>33-RB5-_-y05-6</ServiceRef>
			<LineRef>33-RB5-_-y05-6</LineRef>
			<JourneyPatternRef>JP_33-RB5-_-y05-6-2-O-2</JourneyPatternRef>
			<DepartureTime>16:02:00</DepartureTime>
		</VehicleJourney>
		<VehicleJourney>
			<PrivateCode>tfl-33-RB5-_-y05-6-20-T4</PrivateCode>
			<Operational>
				<VehicleType>
					<VehicleTypeCode>FE</VehicleTypeCode>
					<Description>Ferry</Description>
				</VehicleType>
			</Operational>
			<VehicleJourneyCode>VJ_33-RB5-_-y05-6-20-T4</VehicleJourneyCode>
			<ServiceRef>33-RB5-_-y05-6</ServiceRef>
			<LineRef>33-RB5-_-y05-6</LineRef>
			<JourneyPatternRef>JP_33-RB5-_-y05-6-1-I-1</JourneyPatternRef>
			<DepartureTime>15:17:00</DepartureTime>
		</VehicleJourney>
		<VehicleJourney>
			<PrivateCode>tfl-33-RB5-_-y05-6-21-T4</PrivateCode>
			<Operational>
				<VehicleType>
					<VehicleTypeCode>FE</VehicleTypeCode>
					<Description>Ferry</Description>
				</VehicleType>
			</Operational>
			<VehicleJourneyCode>VJ_33-RB5-_-y05-6-21-T4</VehicleJourneyCode>
			<ServiceRef>33-RB5-_-y05-6</ServiceRef>
			<LineRef>33-RB5-_-y05-6</LineRef>
			<JourneyPatternRef>JP_33-RB5-_-y05-6-1-I-1</JourneyPatternRef>
			<DepartureTime>15:47:00</DepartureTime>
		</VehicleJourney>
		<VehicleJourney>
			<PrivateCode>tfl-33-RB5-_-y05-6-22-T4</PrivateCode>
			<Operational>
				<VehicleType>
					<VehicleTypeCode>FE</VehicleTypeCode>
					<Description>Ferry</Description>
				</VehicleType>
			</Operational>
			<VehicleJourneyCode>VJ_33-RB5-_-y05-6-22-T4</VehicleJourneyCode>
			<ServiceRef>33-RB5-_-y05-6</ServiceRef>
			<LineRef>33-RB5-_-y05-6</LineRef>
			<JourneyPatternRef>JP_33-RB5-_-y05-6-2-O-2</JourneyPatternRef>
			<DepartureTime>16:32:00</DepartureTime>
		</VehicleJourney>
		<VehicleJourney>
			<PrivateCode>tfl-33-RB5-_-y05-6-23-T4</PrivateCode>
			<Operational>
				<VehicleType>
					<VehicleTypeCode>FE</VehicleTypeCode>
					<Description>Ferry</Description>
				</VehicleType>
			</Operational>
			<VehicleJourneyCode>VJ_33-RB5-_-y05-6-23-T4</VehicleJourneyCode>
			<ServiceRef>33-RB5-_-y05-6</ServiceRef>
			<LineRef>33-RB5-_-y05-6</LineRef>
			<JourneyPatternRef>JP_33-RB5-_-y05-6-1-I-1</JourneyPatternRef>
			<DepartureTime>16:17:00</DepartureTime>
		</VehicleJourney>
		<VehicleJourney>
			<PrivateCode>tfl-33-RB5-_-y05-6-24-T4</PrivateCode>
			<Operational>
				<VehicleType>
					<VehicleTypeCode>FE</VehicleTypeCode>
					<Description>Ferry</Description>
				</VehicleType>
			</Operational>
			<VehicleJourneyCode>VJ_33-RB5-_-y05-6-24-T4</VehicleJourneyCode>
			<ServiceRef>33-RB5-_-y05-6</ServiceRef>
			<LineRef>33-RB5-_-y05-6</LineRef>
			<JourneyPatternRef>JP_33-RB5-_-y05-6-1-I-1</JourneyPatternRef>
			<DepartureTime>16:47:00</DepartureTime>
		</VehicleJourney>
		<VehicleJourney>
			<PrivateCode>tfl-33-RB5-_-y05-6-25-T4</PrivateCode>
			<Operational>
				<VehicleType>
					<VehicleTypeCode>FE</VehicleTypeCode>
					<Description>Ferry</Description>
				</VehicleType>
			</Operational>
			<VehicleJourneyCode>VJ_33-RB5-_-y05-6-25-T4</VehicleJourneyCode>
			<ServiceRef>33-RB5-_-y05-6</ServiceRef>
			<LineRef>33-RB5-_-y05-6</LineRef>
			<JourneyPatternRef>JP_33-RB5-_-y05-6-2-O-2</JourneyPatternRef>
			<DepartureTime>17:02:00</DepartureTime>
		</VehicleJourney>
		<VehicleJourney>
			<PrivateCode>tfl-33-RB5-_-y05-6-26-T4</PrivateCode>
			<Operational>
				<VehicleType>
					<VehicleTypeCode>FE</VehicleTypeCode>
					<Description>Ferry</Description>
				</VehicleType>
			</Operational>
			<VehicleJourneyCode>VJ_33-RB5-_-y05-6-26-T4</VehicleJourneyCode>
			<ServiceRef>33-RB5-_-y05-6</ServiceRef>
			<LineRef>33-RB5-_-y05-6</LineRef>
			<JourneyPatternRef>JP_33-RB5-_-y05-6-2-O-2</JourneyPatternRef>
			<DepartureTime>17:32:00</DepartureTime>
		</VehicleJourney>
		<VehicleJourney>
			<PrivateCode>tfl-33-RB5-_-y05-6-27-T4</PrivateCode>
			<Operational>
				<VehicleType>
					<VehicleTypeCode>FE</VehicleTypeCode>
					<Description>Ferry</Description>
				</VehicleType>
			</Operational>
			<VehicleJourneyCode>VJ_33-RB5-_-y05-6-27-T4</VehicleJourneyCode>
			<ServiceRef>33-RB5-_-y05-6</ServiceRef>
			<LineRef>33-RB5-_-y05-6</LineRef>
			<JourneyPatternRef>JP_33-RB5-_-y05-6-1-I-1</JourneyPatternRef>
			<DepartureTime>17:17:00</DepartureTime>
		</VehicleJourney>
	</VehicleJourneys>
</TransXChange>